{
  "stig": {
    "date": "2016-12-01", 
    "description": "The Microsoft Access 2016 Security Technical Implementation Guide (STIG) is published as a tool to improve the security of Department of Defense (DoD) information systems. Comments or proposed revisions to this document should be sent via e-mail to the following address: disa.stig_spt@mail.mil.", 
    "findings": {
      "V-70907": {
        "checkid": "None", 
        "checktext": "None", 
        "description": "The Uniform Resource Locator (URL) standard allows user authentication to be included in URL strings in the form http://username:password@example.com. A malicious user might use this URL syntax to create a hyperlink that appears to open a legitimate website but actually opens a deceptive (spoofed) website. For example, the URL http://www.wingtiptoys.com@example.com appears to open http://www.wingtiptoys.com but actually opens http://example.com. To protect users from such attacks, Internet Explorer usually blocks any URLs using this syntax.\n\nThis functionality can be controlled separately for instances of Internet Explorer spawned by Office applications (for example, if a user clicks a link in an Office document or selects a menu option that loads a website). If user names and passwords in URLs are allowed, users could be diverted to dangerous Web pages, which could pose a security risk.", 
        "fixid": "F-45685r2_fix", 
        "fixtext": "Set the policy value for Computer Configuration -> Administrative Templates -> Microsoft Office 2016 (Machine) -> Security Settings -> IE Security \"Disable user name and password\" to \"Enabled\" and place a check in the 'msaccess.exe' check box.", 
        "iacontrols": null, 
        "id": "V-70907", 
        "ruleID": "SV-85531r1_rule", 
        "severity": "medium", 
        "title": "Disabling of user name and password syntax from being used in URLs must be enforced.", 
        "version": "DTOO104"
      }, 
      "V-70925": {
        "checkid": "None", 
        "checktext": "None", 
        "description": "Internet Explorer performs a number of safety checks before initializing an ActiveX control. It will not initialize a control if the kill bit for the control is set in the registry, or if the security settings for the zone in which the control is located do not allow it to be initialized.\nThis functionality can be controlled separately for instances of Internet Explorer spawned by Office applications (for example, if a user clicks a link in an Office document or selects a menu option that loads a web page). A security risk could occur if potentially dangerous controls are allowed to load.", 
        "fixid": "F-45687r1_fix", 
        "fixtext": "Set the policy value for Computer Configuration -> Administrative Templates -> Microsoft Office 2016 (Machine) -> Security Settings -> IE Security \"Bind to Object\" to \"Enabled\" and place a check in the 'msaccess.exe' check box.", 
        "iacontrols": null, 
        "id": "V-70925", 
        "ruleID": "SV-85549r1_rule", 
        "severity": "medium", 
        "title": "Enabling IE Bind to Object functionality must be present.", 
        "version": "DTOO111"
      }, 
      "V-70927": {
        "checkid": "None", 
        "checktext": "None", 
        "description": "Typically, when Internet Explorer loads a web page from a Universal Naming Convention (UNC) share that contains a Mark of the Web (MOTW) comment, indicating the page was saved from a site on the Internet, Internet Explorer runs the page in the Internet security zone instead of the less restrictive Local Intranet security zone. This functionality can be controlled separately for instances of Internet Explorer spawned by Office applications (for example, if a user clicks a link in an Office document or selects a menu option that loads a web page). If Internet Explorer does not evaluate the page for a MOTW, potentially dangerous code could be allowed to run.", 
        "fixid": "F-45688r1_fix", 
        "fixtext": "Set the policy value for Computer Configuration -> Administrative Templates -> Microsoft Office 2016 (Machine) -> Security Settings -> IE Security \"Saved from URL\" to \"Enabled\" and place a check in the 'msaccess.exe' check box.", 
        "iacontrols": null, 
        "id": "V-70927", 
        "ruleID": "SV-85551r1_rule", 
        "severity": "medium", 
        "title": "Saved from URL mark to assure Internet zone processing must be enforced.", 
        "version": "DTOO117"
      }, 
      "V-70929": {
        "checkid": "None", 
        "checktext": "None", 
        "description": "To protect users from attacks, Internet Explorer usually does not attempt to load malformed URLs. This functionality can be controlled separately for instances of Internet Explorer spawned by Office applications (for example, if a user clicks a link in an Office document or selects a menu option that loads a web page). If Internet Explorer attempts to load a malformed URL, a security risk could occur.", 
        "fixid": "F-45689r1_fix", 
        "fixtext": "Set the policy value for Computer Configuration -> Administrative Templates -> Microsoft Office 2016 (Machine) -> Security Settings -> IE Security \"Navigate URL\" to \"Enabled\" and place a check in the 'msaccess.exe' check box.", 
        "iacontrols": null, 
        "id": "V-70929", 
        "ruleID": "SV-85553r1_rule", 
        "severity": "medium", 
        "title": "Navigation to URLs embedded in Office products must be blocked.", 
        "version": "DTOO123"
      }, 
      "V-70931": {
        "checkid": "None", 
        "checktext": "None", 
        "description": "Malicious websites often try to confuse or trick users into giving a site permission to perform an action allowing the site to take control of the users' computers in some manner. Disabling or not configuring this setting allows unknown websites to:\n-Create browser windows appearing to be from the local operating system.\n-Draw active windows displaying outside of the viewable areas of the screen capturing keyboard input.\n-Overlay parent windows with their own browser windows to hide important system information, choices or prompts.", 
        "fixid": "F-45690r1_fix", 
        "fixtext": "Set the policy value for Computer Configuration -> Administrative Templates -> Microsoft Office 2016 (Machine) -> Security Settings -> IE Security \"Scripted Window Security Restrictions\" to \"Enabled\" and 'msaccess.exe' is checked.", 
        "iacontrols": null, 
        "id": "V-70931", 
        "ruleID": "SV-85555r1_rule", 
        "severity": "medium", 
        "title": "Scripted Window Security must be enforced.", 
        "version": "DTOO124"
      }, 
      "V-70933": {
        "checkid": "None", 
        "checktext": "None", 
        "description": "Internet Explorer add-ons are pieces of code, run in Internet Explorer, to provide additional functionality. Rogue add-ons may contain viruses or other malicious code. Disabling or not configuring this setting could allow malicious code or users to become active on user computers or the network. For example, a malicious user can monitor and then use keystrokes users type into Internet Explorer. Even legitimate add-ons may demand resources, compromising the performance of Internet Explorer, and the operating systems for user computers.", 
        "fixid": "F-45691r1_fix", 
        "fixtext": "Set the policy value for Computer Configuration -> Administrative Templates -> Microsoft Office 2016 (Machine) -> Security Settings -> IE Security \"Add-on Management\" to \"Enabled\" and 'msaccess.exe' is checked.", 
        "iacontrols": null, 
        "id": "V-70933", 
        "ruleID": "SV-85557r1_rule", 
        "severity": "medium", 
        "title": "Add-on Management functionality must be allowed.", 
        "version": "DTOO126"
      }, 
      "V-70935": {
        "checkid": "None", 
        "checktext": "None", 
        "description": "Office 2016 applications do not check the digital signature on application add-ins before opening them. Disabling or not configuring this setting may allow an application to load a dangerous add-in. As a result, malicious code could become active on user computers or the network.", 
        "fixid": "F-45692r1_fix", 
        "fixtext": "Set the policy value for User Configuration -> Administrative Templates -> Microsoft Access 2016 -> Application Settings -> Security -> Trust Center \"Require that application add-ins are signed by Trusted Publisher\" to \"Enabled\".", 
        "iacontrols": null, 
        "id": "V-70935", 
        "ruleID": "SV-85559r1_rule", 
        "severity": "medium", 
        "title": "Add-ins to Office applications must be signed by a Trusted Publisher.", 
        "version": "DTOO127"
      }, 
      "V-70937": {
        "checkid": "None", 
        "checktext": "None", 
        "description": "The Pop-up Blocker feature in Internet Explorer can be used to block most unwanted pop-up and pop-under windows from appearing. This functionality can be controlled separately for instances of Internet Explorer spawned by Office applications (for example, if a user clicks a link in an Office document or selects a menu option that loads a web page). If the Pop-up Blocker is disabled, disruptive and potentially dangerous pop-up windows could load and present a security risk.", 
        "fixid": "F-45693r1_fix", 
        "fixtext": "Set the policy value for Computer Configuration -> Administrative Templates -> Microsoft Office 2016 (Machine) -> Security Settings -> IE Security \"Block popups\" to \"Enabled\" and  select 'msaccess.exe'.", 
        "iacontrols": null, 
        "id": "V-70937", 
        "ruleID": "SV-85561r1_rule", 
        "severity": "medium", 
        "title": "Links that invoke instances of Internet Explorer from within an Office product must be blocked.", 
        "version": "DTOO129"
      }, 
      "V-70939": {
        "checkid": "None", 
        "checktext": "None", 
        "description": "Access underlines hyperlinks that appear in tables, queries, forms, and reports. If this configuration is changed, users might click on dangerous hyperlinks without realizing it, which could pose a security risk.", 
        "fixid": "F-45694r1_fix", 
        "fixtext": "Set the policy value for User Configuration -> Administrative Templates -> Microsoft Access 2016 -> Application Settings -> Web Options... -> General \"Underline Hyperlinks\" to \"Enabled\".", 
        "iacontrols": null, 
        "id": "V-70939", 
        "ruleID": "SV-85563r1_rule", 
        "severity": "medium", 
        "title": "The configuration for enabling of hyperlinks must be enforced.", 
        "version": "DTOO130"
      }, 
      "V-70941": {
        "checkid": "None", 
        "checktext": "None", 
        "description": "If an application is configured to require all add-ins be signed by a trusted publisher, any unsigned add-ins the application loads will be disabled and the application will display the Trust Bar at the top of the active window. The Trust Bar contains a message informing users about the unsigned add-in. If the Trust Bar were to be allowed while add-ins are required to be signed by a trusted publisher, the user would have the ability to make the determination to allow an unsigned add-in, which increases the risk of allowing malicious code to run on the user's computer and on the network.", 
        "fixid": "F-45695r1_fix", 
        "fixtext": "Set the policy value for User Configuration -> Administrative Templates -> Microsoft Access 2016 -> Application Settings -> Security -> Trust Center \"Disable Trust Bar Notification for unsigned application add-ins and block them\" to \"Enabled\".", 
        "iacontrols": [
          "ECSC-1"
        ], 
        "id": "V-70941", 
        "ruleID": "SV-85565r1_rule", 
        "severity": "medium", 
        "title": "Trust Bar Notifications for unsigned application add-ins must be blocked.", 
        "version": "DTOO131"
      }, 
      "V-70943": {
        "checkid": "None", 
        "checktext": "None", 
        "description": "Disabling this setting allows websites to present file download prompts via code without the user specifically initiating the download. User preferences may also allow the download to occur without prompting or interaction with the user. Even if Internet Explorer prompts the user to accept the download, some websites abuse this functionality. Malicious websites may continually prompt users to download a file or present confusing dialog boxes to trick users into downloading or running a file. If the download occurs and it contains malicious code, the code could become active on user computers or the network.", 
        "fixid": "F-45696r1_fix", 
        "fixtext": "Set the policy value for Computer Configuration -> Administrative Templates -> Microsoft Office 2016 (Machine) -> Security Settings -> IE Security \"Restrict File Download\" to \"Enabled\" and 'msaccess.exe' is checked.", 
        "iacontrols": null, 
        "id": "V-70943", 
        "ruleID": "SV-85567r1_rule", 
        "severity": "medium", 
        "title": "File Downloads must be configured for proper restrictions.", 
        "version": "DTOO132"
      }, 
      "V-70945": {
        "checkid": "None", 
        "checktext": "None", 
        "description": "When users open an untrusted Access 2016 database that contains user-programmed executable components, Access opens the database with the components disabled and displays the Message Bar with a warning that database content has been disabled. Users can inspect the contents of the database, but cannot use any disabled functionality until they enable it by clicking Options on the Message Bar and selecting the appropriate action.\nThe default configuration can be changed so that users see a dialog box when they open an untrusted database with executable components. Users must then choose whether to enable or disable the components before working with the database. In these circumstances users frequently enable the components, even if they do not require them. Executable components can be used to launch an attack against a computer environment.\nDisabling this setting enforces Access 2016 to display the action items, so is unlikely to cause usability issues.", 
        "fixid": "F-45697r1_fix", 
        "fixtext": "Set the policy value for User Configuration -> Administrative Templates -> Microsoft Access 2016 -> Tools \\ Security \"Modal Trust Decision Only\" to \"Disabled\".", 
        "iacontrols": null, 
        "id": "V-70945", 
        "ruleID": "SV-85569r1_rule", 
        "severity": "medium", 
        "title": "Database functionality configurations must be displayed to the user.", 
        "version": "DTOO135"
      }, 
      "V-70947": {
        "checkid": "None", 
        "checktext": "None", 
        "description": "When users create new database files, Access saves them in the new Access format. Users can change this functionality by clicking the Office button, clicking \"Access Options\", and then selecting a file format from the default file format list.\nIf a new database is created in an inappropriate format, some users might be unable to open or use it.", 
        "fixid": "F-45698r1_fix", 
        "fixtext": "Set the policy value for User Configuration -> Administrative Templates -> Microsoft Access 2016 -> Miscellaneous \"Default File Format\" to \"Enabled (Access 2007)\".", 
        "iacontrols": null, 
        "id": "V-70947", 
        "ruleID": "SV-85571r1_rule", 
        "severity": "low", 
        "title": "The Save commands default file format must be configured.", 
        "version": "DTOO136"
      }, 
      "V-70949": {
        "checkid": "None", 
        "checktext": "None", 
        "description": "Internet Explorer places restrictions on each web page users can use the browser to open. Web pages on a user's local computer have the fewest security restrictions and reside in the Local Machine zone, making this security zone a prime target for malicious users and code. Disabling or not configuring this setting could allow pages in the Internet zone to navigate to pages in the Local Machine zone to then run code to elevate privileges. This could allow malicious code or users to become active on user computers or the network.", 
        "fixid": "F-45700r1_fix", 
        "fixtext": "Set the policy value for Computer Configuration -> Administrative Templates -> Microsoft Office 2016 (Machine) -> Security Settings -> IE Security \"Protection From Zone Elevation\" to \"Enabled\" and 'msaccess.exe' is checked.", 
        "iacontrols": null, 
        "id": "V-70949", 
        "ruleID": "SV-85573r1_rule", 
        "severity": "medium", 
        "title": "Protection from zone elevation must be enforced.", 
        "version": "DTOO209"
      }, 
      "V-70951": {
        "checkid": "None", 
        "checktext": "None", 
        "description": "Microsoft ActiveX controls allow unmanaged, unprotected code to run on the user computers. ActiveX controls do not run within a protected container in the browser like the other types of HTML or Microsoft Silverlight-based controls. Disabling or not configuring this setting does not block prompts for ActiveX control installations, and these prompts display to users. This could allow malicious code to become active on user computers or the network.", 
        "fixid": "F-45701r1_fix", 
        "fixtext": "Set the policy value for Computer Configuration -> Administrative Templates -> Microsoft Office 2016 (Machine) -> Security Settings -> IE Security \"Restrict ActiveX Install\" to \"Enabled\" and 'msaccess.exe' is checked.", 
        "iacontrols": null, 
        "id": "V-70951", 
        "ruleID": "SV-85575r1_rule", 
        "severity": "medium", 
        "title": "ActiveX Installs must be configured for proper restriction.", 
        "version": "DTOO211"
      }, 
      "V-70953": {
        "checkid": "None", 
        "checktext": "None", 
        "description": "VSTO projects require access to the Visual Basic for Applications project system in Excel, PowerPoint, and Word, even though the projects do not use Visual Basic for Applications. Design-time support of controls in both Visual Basic and C# projects depends on the Visual Basic for Applications project system in Word and Excel. By default, Excel, Word, and PowerPoint do not allow automation clients to have programmatic access to VBA projects. Users can enable this by selecting the Trust access to the VBA project object model in the Macro Settings section of the Trust Center. However, doing so allows macros in any documents the user opens to access the core Visual Basic objects, methods, and properties, which represents a potential security hazard.", 
        "fixid": "F-45702r1_fix", 
        "fixtext": "Set policy value for User Configuration -> Administrative Templates -> Microsoft Access 2016 -> Application Settings -> Security ->  Trust Center -> \"VBA macro Notification Settings\" must be set to \"Enabled: Disable all with notification\".", 
        "iacontrols": null, 
        "id": "V-70953", 
        "ruleID": "SV-85577r1_rule", 
        "severity": "medium", 
        "title": "Trust access for VBA must be disallowed.", 
        "version": "DTOO304"
      }
    }, 
    "profiles": {
      "CAT_I_Only": {
        "description": "This profile only includes rules that are Severity Category I.", 
        "findings": {
          "SV-85531r1_rule": "false", 
          "SV-85549r1_rule": "false", 
          "SV-85551r1_rule": "false", 
          "SV-85553r1_rule": "false", 
          "SV-85555r1_rule": "false", 
          "SV-85557r1_rule": "false", 
          "SV-85559r1_rule": "false", 
          "SV-85561r1_rule": "false", 
          "SV-85563r1_rule": "false", 
          "SV-85565r1_rule": "false", 
          "SV-85567r1_rule": "false", 
          "SV-85569r1_rule": "false", 
          "SV-85571r1_rule": "false", 
          "SV-85573r1_rule": "false", 
          "SV-85575r1_rule": "false", 
          "SV-85577r1_rule": "false"
        }, 
        "id": "CAT_I_Only", 
        "title": "CAT I Only"
      }, 
      "MAC-1_Classified": {
        "description": "<ProfileDescription></ProfileDescription>", 
        "findings": {
          "V-70907": "true", 
          "V-70925": "true", 
          "V-70927": "true", 
          "V-70929": "true", 
          "V-70931": "true", 
          "V-70933": "true", 
          "V-70935": "true", 
          "V-70937": "true", 
          "V-70939": "true", 
          "V-70941": "true", 
          "V-70943": "true", 
          "V-70945": "true", 
          "V-70947": "true", 
          "V-70949": "true", 
          "V-70951": "true", 
          "V-70953": "true"
        }, 
        "id": "MAC-1_Classified", 
        "title": "I - Mission Critical Classified"
      }, 
      "MAC-1_Public": {
        "description": "<ProfileDescription></ProfileDescription>", 
        "findings": {
          "V-70907": "true", 
          "V-70925": "true", 
          "V-70927": "true", 
          "V-70929": "true", 
          "V-70931": "true", 
          "V-70933": "true", 
          "V-70935": "true", 
          "V-70937": "true", 
          "V-70939": "true", 
          "V-70941": "true", 
          "V-70943": "true", 
          "V-70945": "true", 
          "V-70947": "true", 
          "V-70949": "true", 
          "V-70951": "true", 
          "V-70953": "true"
        }, 
        "id": "MAC-1_Public", 
        "title": "I - Mission Critical Public"
      }, 
      "MAC-1_Sensitive": {
        "description": "<ProfileDescription></ProfileDescription>", 
        "findings": {
          "V-70907": "true", 
          "V-70925": "true", 
          "V-70927": "true", 
          "V-70929": "true", 
          "V-70931": "true", 
          "V-70933": "true", 
          "V-70935": "true", 
          "V-70937": "true", 
          "V-70939": "true", 
          "V-70941": "true", 
          "V-70943": "true", 
          "V-70945": "true", 
          "V-70947": "true", 
          "V-70949": "true", 
          "V-70951": "true", 
          "V-70953": "true"
        }, 
        "id": "MAC-1_Sensitive", 
        "title": "I - Mission Critical Sensitive"
      }, 
      "MAC-2_Classified": {
        "description": "<ProfileDescription></ProfileDescription>", 
        "findings": {
          "V-70907": "true", 
          "V-70925": "true", 
          "V-70927": "true", 
          "V-70929": "true", 
          "V-70931": "true", 
          "V-70933": "true", 
          "V-70935": "true", 
          "V-70937": "true", 
          "V-70939": "true", 
          "V-70941": "true", 
          "V-70943": "true", 
          "V-70945": "true", 
          "V-70947": "true", 
          "V-70949": "true", 
          "V-70951": "true", 
          "V-70953": "true"
        }, 
        "id": "MAC-2_Classified", 
        "title": "II - Mission Support Classified"
      }, 
      "MAC-2_Public": {
        "description": "<ProfileDescription></ProfileDescription>", 
        "findings": {
          "V-70907": "true", 
          "V-70925": "true", 
          "V-70927": "true", 
          "V-70929": "true", 
          "V-70931": "true", 
          "V-70933": "true", 
          "V-70935": "true", 
          "V-70937": "true", 
          "V-70939": "true", 
          "V-70941": "true", 
          "V-70943": "true", 
          "V-70945": "true", 
          "V-70947": "true", 
          "V-70949": "true", 
          "V-70951": "true", 
          "V-70953": "true"
        }, 
        "id": "MAC-2_Public", 
        "title": "II - Mission Support Public"
      }, 
      "MAC-2_Sensitive": {
        "description": "<ProfileDescription></ProfileDescription>", 
        "findings": {
          "V-70907": "true", 
          "V-70925": "true", 
          "V-70927": "true", 
          "V-70929": "true", 
          "V-70931": "true", 
          "V-70933": "true", 
          "V-70935": "true", 
          "V-70937": "true", 
          "V-70939": "true", 
          "V-70941": "true", 
          "V-70943": "true", 
          "V-70945": "true", 
          "V-70947": "true", 
          "V-70949": "true", 
          "V-70951": "true", 
          "V-70953": "true"
        }, 
        "id": "MAC-2_Sensitive", 
        "title": "II - Mission Support Sensitive"
      }, 
      "MAC-3_Classified": {
        "description": "<ProfileDescription></ProfileDescription>", 
        "findings": {
          "V-70907": "true", 
          "V-70925": "true", 
          "V-70927": "true", 
          "V-70929": "true", 
          "V-70931": "true", 
          "V-70933": "true", 
          "V-70935": "true", 
          "V-70937": "true", 
          "V-70939": "true", 
          "V-70941": "true", 
          "V-70943": "true", 
          "V-70945": "true", 
          "V-70947": "true", 
          "V-70949": "true", 
          "V-70951": "true", 
          "V-70953": "true"
        }, 
        "id": "MAC-3_Classified", 
        "title": "III - Administrative Classified"
      }, 
      "MAC-3_Public": {
        "description": "<ProfileDescription></ProfileDescription>", 
        "findings": {
          "V-70907": "true", 
          "V-70925": "true", 
          "V-70927": "true", 
          "V-70929": "true", 
          "V-70931": "true", 
          "V-70933": "true", 
          "V-70935": "true", 
          "V-70937": "true", 
          "V-70939": "true", 
          "V-70941": "true", 
          "V-70943": "true", 
          "V-70945": "true", 
          "V-70947": "true", 
          "V-70949": "true", 
          "V-70951": "true", 
          "V-70953": "true"
        }, 
        "id": "MAC-3_Public", 
        "title": "III - Administrative Public"
      }, 
      "MAC-3_Sensitive": {
        "description": "<ProfileDescription></ProfileDescription>", 
        "findings": {
          "V-70907": "true", 
          "V-70925": "true", 
          "V-70927": "true", 
          "V-70929": "true", 
          "V-70931": "true", 
          "V-70933": "true", 
          "V-70935": "true", 
          "V-70937": "true", 
          "V-70939": "true", 
          "V-70941": "true", 
          "V-70943": "true", 
          "V-70945": "true", 
          "V-70947": "true", 
          "V-70949": "true", 
          "V-70951": "true", 
          "V-70953": "true"
        }, 
        "id": "MAC-3_Sensitive", 
        "title": "III - Administrative Sensitive"
      }
    }, 
    "slug": "microsoft_access_2016", 
    "title": "Microsoft Access 2016 STIG", 
    "version": "1"
  }
}
