{
  "stig": {
    "date": "2017-09-19", 
    "description": "The Microsoft Excel 2016 Security Technical Implementation Guide (STIG) is published as a tool to improve the security of Department of Defense (DoD) information systems. Comments or proposed revisions to this document should be sent via e-mail to the following address: disa.stig_spt@mail.mil.", 
    "findings": {
      "V-70955": {
        "checkid": "C-71383r3_chk", 
        "checktext": "Verify the policy value for Computer Configuration -> Administrative Templates -> Microsoft Office 2016 (Machine) -> Security Settings -> IE Security \"Disable user name and password\" is set to \"Enabled\" and 'excel.exe' is checked.\n\nProcedure: Use the Windows Registry Editor to navigate to the following key:\nHKLM\\Software\\Microsoft\\Internet Explorer\\Main\\FeatureControl\\FEATURE_HTTP_USERNAME_PASSWORD_DISABLE\n\nCriteria: If the value excel.exe is REG_DWORD = 1, this is not a finding.", 
        "description": "The Uniform Resource Locator (URL) standard allows user authentication to be included in URL strings in the form http://username:password@example.com. A malicious user might use this URL syntax to create a hyperlink that appears to open a legitimate website but actually opens a deceptive (spoofed) website. For example, the URL http://www.wingtiptoys.com@example.com appears to open http://www.wingtiptoys.com but actually opens http://example.com. To protect users from such attacks, Internet Explorer usually blocks any URLs using this syntax.\n\nThis functionality can be controlled separately for instances of Internet Explorer spawned by Office applications (for example, if a user clicks a link in an Office document or selects a menu option that loads a website). If user names and passwords in URLs are allowed, users could be diverted to dangerous Web pages, which could pose a security risk.", 
        "fixid": "F-77287r1_fix", 
        "fixtext": "Set the policy value for Computer Configuration -> Administrative Templates -> Microsoft Office 2016 (Machine) -> Security Settings -> IE Security \"Disable user name and password\" to \"Enabled\" and place a check in the 'excel.exe' check box.\n", 
        "iacontrols": null, 
        "id": "V-70955", 
        "ruleID": "SV-85579r1_rule", 
        "severity": "medium", 
        "title": "Disabling of user name and password syntax from being used in URLs must be enforced.\n", 
        "version": "DTOO104"
      }, 
      "V-70957": {
        "checkid": "C-71385r2_chk", 
        "checktext": "Verify the policy value for User Configuration -> Administrative Templates -> Microsoft Excel 2016 -> Excel Options -> Security -> Trust Center  -> File Block Settings \"Excel 4 macrosheets and add-in files\" is set to \"Enabled: Open/Save blocked, use open policy\".\n\nProcedure: Use the Windows Registry Editor to navigate to the following key: \n\nHKCU\\Software\\Policies\\Microsoft\\Office\\16.0\\excel\\security\\fileblock\n\nCriteria: If the value XL4Macros is REG_DWORD = 2, this is not a finding.", 
        "description": "This policy setting allows you to determine whether users can open, view, edit, or save Excel files with the format specified by the title of this policy setting. If you enable this policy setting, you can specify whether users can open, view, edit, or save files. The options that can be selected are below.  Note: Not all options may be available for this policy setting.- Do not block: The file type will not be blocked.- Save blocked: Saving of the file type will be blocked.- Open/Save blocked, use open policy: Both opening and saving of the file type will be blocked. The file will open based on the policy setting configured in the \"default file block behavior\" key.- Block: Both opening and saving of the file type will be blocked, and the file will not open.- Open in Protected View: Both opening and saving of the file type will be blocked, and the option to edit the file type will not be enabled.- Allow editing and open in Protected View: Both opening and saving of the file type will be blocked, and the option to edit will be enabled. If you disable or do not configure this policy setting, the file type will be blocked.\n", 
        "fixid": "F-77289r1_fix", 
        "fixtext": "Set the policy value for User Configuration -> Administrative Templates -> Microsoft Excel 2016 -> Excel Options -> Security -> Trust Center  -> File Block Settings \"Excel 4 macrosheets and add-in files\" to \"Enabled: Open/Save blocked, use open policy\".\n", 
        "iacontrols": null, 
        "id": "V-70957", 
        "ruleID": "SV-85581r1_rule", 
        "severity": "medium", 
        "title": "Open/Save actions for Excel 4 macrosheets and add-in files must be blocked.\n", 
        "version": "DTOO105"
      }, 
      "V-70959": {
        "checkid": "C-71387r2_chk", 
        "checktext": "Verify the policy value for User Configuration -> Administrative Templates -> Microsoft Excel 2016 -> Excel Options -> Security -> Trust Center -> File Block Settings \"Excel 4 workbooks\" is set to \"Enabled: Open/Save blocked, use open policy\".\n\nProcedure: Use the Windows Registry Editor to navigate to the following key: \n\nHKCU\\Software\\Policies\\Microsoft\\Office\\16.0\\excel\\security\\fileblock\n\nCriteria: If the value XL4Workbooks is REG_DWORD = 2, this is not a finding.", 
        "description": "This policy setting allows you to determine whether users can open, view, edit, or save Excel files with the format specified by the title of this policy setting. If you enable this policy setting, you can specify whether users can open, view, edit, or save files. The options that can be selected are below.  Note: Not all options may be available for this policy setting.- Do not block: The file type will not be blocked.- Save blocked: Saving of the file type will be blocked.- Open/Save blocked, use open policy: Both opening and saving of the file type will be blocked. The file will open based on the policy setting configured in the \"default file block behavior\" key.- Block: Both opening and saving of the file type will be blocked, and the file will not open.- Open in Protected View: Both opening and saving of the file type will be blocked, and the option to edit the file type will not be enabled.- Allow editing and open in Protected View: Both opening and saving of the file type will be blocked, and the option to edit will be enabled. If you disable or do not configure this policy setting, the file type will be blocked.\n", 
        "fixid": "F-77291r1_fix", 
        "fixtext": "Set the policy value for User Configuration -> Administrative Templates -> Microsoft Excel 2016 -> Excel Options -> Security -> Trust Center -> File Block Settings \"Excel 4 workbooks\" to \"Enabled: Open/Save blocked, use open policy\".\n", 
        "iacontrols": null, 
        "id": "V-70959", 
        "ruleID": "SV-85583r1_rule", 
        "severity": "medium", 
        "title": "Open/Save actions for Excel 4 workbooks must be blocked.\n", 
        "version": "DTOO106"
      }, 
      "V-70961": {
        "checkid": "C-71389r2_chk", 
        "checktext": "Verify the policy value for User Configuration -> Administrative Templates -> Microsoft Excel 2016 -> Excel Options -> Security -> Trust Center -> File Block Settings \"Excel 4 worksheets\" is set to \"Enabled: Open/Save blocked, use open policy\".\n\nProcedure: Use the Windows Registry Editor to navigate to the following key: \n\nHKCU\\Software\\Policies\\Microsoft\\Office\\16.0\\excel\\security\\fileblock\n\nCriteria: If the value XL4Worksheets is REG_DWORD = 2, this is not a finding.", 
        "description": "This policy setting allows you to determine whether users can open, view, edit, or save Excel files with the format specified by the title of this policy setting. If you enable this policy setting, you can specify whether users can open, view, edit, or save files. The options that can be selected are below.  Note: Not all options may be available for this policy setting.- Do not block: The file type will not be blocked.- Save blocked: Saving of the file type will be blocked.- Open/Save blocked, use open policy: Both opening and saving of the file type will be blocked. The file will open based on the policy setting configured in the \"default file block behavior\" key.- Block: Both opening and saving of the file type will be blocked, and the file will not open.- Open in Protected View: Both opening and saving of the file type will be blocked, and the option to edit the file type will not be enabled.- Allow editing and open in Protected View: Both opening and saving of the file type will be blocked, and the option to edit will be enabled. If you disable or do not configure this policy setting, the file type will be blocked.\n", 
        "fixid": "F-77293r1_fix", 
        "fixtext": "Set the policy value for User Configuration -> Administrative Templates -> Microsoft Excel 2016 -> Excel Options -> Security -> Trust Center -> File Block Settings \"Excel 4 worksheets\" to \"Enabled: Open/Save blocked, use open policy\".\n", 
        "iacontrols": null, 
        "id": "V-70961", 
        "ruleID": "SV-85585r1_rule", 
        "severity": "medium", 
        "title": "Open/Save actions for Excel 4 worksheets must be blocked.\n", 
        "version": "DTOO107"
      }, 
      "V-70963": {
        "checkid": "C-71391r2_chk", 
        "checktext": "Verify the policy value for User Configuration -> Administrative Templates -> Microsoft Excel 2016 -> Excel Options -> Security -> Trust Center -> File Block Settings \"Excel 95 workbooks\" is set to \"Enabled: Allow editing and open in Protected View\".\n\nProcedure: Use the Windows Registry Editor to navigate to the following key: \n\nHKCU\\Software\\Policies\\Microsoft\\Office\\16.0\\excel\\security\\fileblock\n\nCriteria: If the value XL95Workbooks is REG_DWORD = 5, this is not a finding.", 
        "description": "This policy setting allows you to determine whether users can open, view, edit, or save Excel files with the format specified by the title of this policy setting. If you enable this policy setting, you can specify whether users can open, view, edit, or save files. The options that can be selected are below.  Note: Not all options may be available for this policy setting.- Do not block: The file type will not be blocked.- Save blocked: Saving of the file type will be blocked.- Open/Save blocked, use open policy: Both opening and saving of the file type will be blocked. The file will open based on the policy setting configured in the \"default file block behavior\" key.- Block: Both opening and saving of the file type will be blocked, and the file will not open.- Open in Protected View: Both opening and saving of the file type will be blocked, and the option to edit the file type will not be enabled.- Allow editing and open in Protected View: Both opening and saving of the file type will be blocked, and the option to edit will be enabled. If you disable or do not configure this policy setting, the file type will not be blocked.\n", 
        "fixid": "F-77295r1_fix", 
        "fixtext": "Set the policy value for User Configuration -> Administrative Templates -> Microsoft Excel 2016 -> Excel Options -> Security -> Trust Center -> File Block Settings \"Excel 95 workbooks\" to \"Enabled: Allow editing and open in Protected View\".\n", 
        "iacontrols": null, 
        "id": "V-70963", 
        "ruleID": "SV-85587r1_rule", 
        "severity": "medium", 
        "title": "Actions for Excel 95 workbooks must be configured to edit in Protected View.\n", 
        "version": "DTOO108"
      }, 
      "V-70965": {
        "checkid": "C-71393r2_chk", 
        "checktext": "Verify the policy value for User Configuration -> Administrative Templates -> Microsoft Excel 2016 -> Excel Options -> Security -> Trust Center -> File Block Settings \"Excel 95-97 workbooks and templates\" is set to \"Enabled: Allow editing and open in Protected View\".\n\nProcedure: Use the Windows Registry Editor to navigate to the following key: \n\nHKCU\\Software\\Policies\\Microsoft\\office\\16.0\\excel\\security\\fileblock\n\nCriteria: If the value XL9597WorkbooksandTemplates is REG_DWORD = 5, this is not a finding.", 
        "description": "This policy setting allows you to determine whether users can open, view, edit, or save Excel files with the format specified by the title of this policy setting. If you enable this policy setting, you can specify whether users can open, view, edit, or save files. The options that can be selected are below.  Note: Not all options may be available for this policy setting.- Do not block: The file type will not be blocked.- Save blocked: Saving of the file type will be blocked.- Open/Save blocked, use open policy: Both opening and saving of the file type will be blocked. The file will open based on the policy setting configured in the \"default file block behavior\" key.- Block: Both opening and saving of the file type will be blocked, and the file will not open.- Open in Protected View: Both opening and saving of the file type will be blocked, and the option to edit the file type will not be enabled.- Allow editing and open in Protected View: Both opening and saving of the file type will be blocked, and the option to edit will be enabled. If you disable or do not configure this policy setting, the file type will not be blocked.\n", 
        "fixid": "F-77297r1_fix", 
        "fixtext": "Set the policy value for User Configuration -> Administrative Templates -> Microsoft Excel 2016 -> Excel Options -> Security -> Trust Center -> File Block Settings \"Excel 95-97 workbooks and templates\" to \"Enabled: Allow editing and open in Protected View\".\n", 
        "iacontrols": null, 
        "id": "V-70965", 
        "ruleID": "SV-85589r1_rule", 
        "severity": "medium", 
        "title": "Actions for Excel 95-97 workbooks and templates must be configured to edit in Protected View.\n", 
        "version": "DTOO109"
      }, 
      "V-70967": {
        "checkid": "C-71395r2_chk", 
        "checktext": "Verify the policy value for User Configuration -> Administrative Templates -> Microsoft Excel 2016 -> Excel Options -> Security -> Trust Center -> File Block Settings \"Set default file block behavior\" is set to \"Enabled: Blocked files are not opened\".\n\nProcedure: Use the Windows Registry Editor to navigate to the following key: \n\nHKCU\\Software\\Policies\\Microsoft\\Office\\16.0\\excel\\security\\fileblock\n\nCriteria: If the value OpenInProtectedView is REG_DWORD = 0, this is not a finding.", 
        "description": "This policy setting allows you to determine if users can open, view, or edit Excel files. If you enable this policy setting, you can set one of these options:- Blocked files are not opened- Blocked files open in Protected View and can not be edited- Blocked files open in Protected View and can be edited.  If you disable or do not configure this policy setting, the behavior is the same as the \"Blocked files are not opened\" setting.  Users will not be able to open blocked files.\n", 
        "fixid": "F-77299r1_fix", 
        "fixtext": "Set the policy value for User Configuration -> Administrative Templates -> Microsoft Excel 2016 -> Excel Options -> Security -> Trust Center -> File Block Settings \"Set default file block behavior\" to \"Enabled: Blocked files are not opened\".\n", 
        "iacontrols": null, 
        "id": "V-70967", 
        "ruleID": "SV-85591r1_rule", 
        "severity": "medium", 
        "title": "Blocking as default file block opening behavior must be enforced.\n", 
        "version": "DTOO110"
      }, 
      "V-70969": {
        "checkid": "C-71397r4_chk", 
        "checktext": "Verify the policy value for Computer Configuration -> Administrative Templates -> Microsoft Office 2016 (Machine) -> Security Settings -> IE Security \"Bind to Object\" is set to \"Enabled\" and 'excel.exe' is checked.\n\nProcedure: Use the Windows Registry Editor to navigate to the following key: \n\nHKLM\\Software\\Microsoft\\Internet Explorer\\Main\\FeatureControl\\FEATURE_SAFE_BINDTOOBJECT\n\nCriteria: If the value excel.exe is REG_DWORD = 1, this is not a finding.", 
        "description": "Internet Explorer performs a number of safety checks before initializing an ActiveX control. It will not initialize a control if the kill bit for the control is set in the registry, or if the security settings for the zone in which the control is located do not allow it to be initialized.\nThis functionality can be controlled separately for instances of Internet Explorer spawned by Office applications (for example, if a user clicks a link in an Office document or selects a menu option that loads a web page). A security risk could occur if potentially dangerous controls are allowed to load.", 
        "fixid": "F-77301r1_fix", 
        "fixtext": "Set the policy value for Computer Configuration -> Administrative Templates -> Microsoft Office 2016 (Machine) -> Security Settings -> IE Security \"Bind to Object\" to \"Enabled\" and place a check in the 'excel.exe' check box.\n", 
        "iacontrols": null, 
        "id": "V-70969", 
        "ruleID": "SV-85593r1_rule", 
        "severity": "medium", 
        "title": "Enabling IE Bind to Object functionality must be present.\n", 
        "version": "DTOO111"
      }, 
      "V-70971": {
        "checkid": "C-71399r2_chk", 
        "checktext": "Verify the policy value for User Configuration -> Administrative Templates -> Microsoft Excel 2016 -> Excel Options -> Security -> Trust Center -> File Block Settings \"Dif and Sylk files\" is set to \"Enabled: Open/Save blocked, use open policy\".\n\nProcedure: Use the Windows Registry Editor to navigate to the following key: \n\nHKCU\\Software\\Policies\\Microsoft\\Office\\16.0\\excel\\security\\fileblock\n\nCriteria: If the value DifandSylkFiles is REG_DWORD = 2, this is not a finding.", 
        "description": "This policy setting allows you to determine whether users can open, view, edit, or save Excel files with the format specified by the title of this policy setting. If you enable this policy setting, you can specify whether users can open, view, edit, or save files. The options that can be selected are below.  Note: Not all options may be available for this policy setting.- Do not block: The file type will not be blocked.- Save blocked: Saving of the file type will be blocked.- Open/Save blocked, use open policy: Both opening and saving of the file type will be blocked. The file will open based on the policy setting configured in the \"default file block behavior\" key.- Block: Both opening and saving of the file type will be blocked, and the file will not open.- Open in Protected View: Both opening and saving of the file type will be blocked, and the option to edit the file type will not be enabled.- Allow editing and open in Protected View: Both opening and saving of the file type will be blocked, and the option to edit will be enabled. If you disable or do not configure this policy setting, the file type will not be blocked.\n", 
        "fixid": "F-77303r1_fix", 
        "fixtext": "Set the policy value for User Configuration -> Administrative Templates -> Microsoft Excel 2016 -> Excel Options -> Security -> Trust Center -> File Block Settings \"Dif and Sylk files\" to \"Enabled: Open/Save blocked, use open policy\".\n", 
        "iacontrols": null, 
        "id": "V-70971", 
        "ruleID": "SV-85595r1_rule", 
        "severity": "medium", 
        "title": "Open/Save actions for Dif and Sylk files must be blocked.\n", 
        "version": "DTOO112"
      }, 
      "V-70973": {
        "checkid": "C-71401r2_chk", 
        "checktext": "Verify the policy value for User Configuration -> Administrative Templates -> Microsoft Excel 2016 -> Excel Options -> Security -> Trust Center -> File Block Settings \"Excel 2 macrosheets and add-in files\" is set to \"Enabled: Open/Save blocked, use open policy\".\n\nProcedure: Use the Windows Registry Editor to navigate to the following key: \n\nHKCU\\Software\\Policies\\Microsoft\\Office\\16.0\\excel\\security\\fileblock\n\nCriteria: If the value XL2Macros is REG_DWORD = 2, this is not a finding.", 
        "description": "This policy setting allows you to determine whether users can open, view, edit, or save Excel files with the format specified by the title of this policy setting. If you enable this policy setting, you can specify whether users can open, view, edit, or save files. The options that can be selected are below.  Note: Not all options may be available for this policy setting.- Do not block: The file type will not be blocked.- Save blocked: Saving of the file type will be blocked.- Open/Save blocked, use open policy: Both opening and saving of the file type will be blocked. The file will open based on the policy setting configured in the \"default file block behavior\" key.- Block: Both opening and saving of the file type will be blocked, and the file will not open.- Open in Protected View: Both opening and saving of the file type will be blocked, and the option to edit the file type will not be enabled.- Allow editing and open in Protected View: Both opening and saving of the file type will be blocked, and the option to edit will be enabled. If you disable or do not configure this policy setting, the file type will be blocked.\n", 
        "fixid": "F-77305r1_fix", 
        "fixtext": "Set the policy value for User Configuration -> Administrative Templates -> Microsoft Excel 2016 -> Excel Options -> Security -> Trust Center -> File Block Settings \"Excel 2 macrosheets and add-in files\" to \"Enabled: Open/Save blocked, use open policy\".\n", 
        "iacontrols": null, 
        "id": "V-70973", 
        "ruleID": "SV-85597r1_rule", 
        "severity": "medium", 
        "title": "Open/Save actions for Excel 2 macrosheets and add-in files must be blocked.\n", 
        "version": "DTOO113"
      }, 
      "V-70975": {
        "checkid": "C-71403r2_chk", 
        "checktext": "Verify the policy value for User Configuration -> Administrative Templates -> Microsoft Excel 2016 -> Excel Options -> Security -> Trust Center -> File Block Settings \"Excel 2 worksheets\" is set to \"Enabled: Open/Save blocked, use open policy\".\n\nProcedure: Use the Windows Registry Editor to navigate to the following key: \n\nHKCU\\Software\\Policies\\Microsoft\\Office\\16.0\\excel\\security\\fileblock\n\nCriteria: If the value XL2Worksheets is REG_DWORD = 2, this is not a finding.", 
        "description": "This policy setting allows you to determine whether users can open, view, edit, or save Excel files with the format specified by the title of this policy setting. If you enable this policy setting, you can specify whether users can open, view, edit, or save files. The options that can be selected are below.  Note: Not all options may be available for this policy setting.- Do not block: The file type will not be blocked.- Save blocked: Saving of the file type will be blocked.- Open/Save blocked, use open policy: Both opening and saving of the file type will be blocked. The file will open based on the policy setting configured in the \"default file block behavior\" key.- Block: Both opening and saving of the file type will be blocked, and the file will not open.- Open in Protected View: Both opening and saving of the file type will be blocked, and the option to edit the file type will not be enabled.- Allow editing and open in Protected View: Both opening and saving of the file type will be blocked, and the option to edit will be enabled. If you disable or do not configure this policy setting, the file type will be blocked.\n", 
        "fixid": "F-77307r1_fix", 
        "fixtext": "Set the policy value for User Configuration -> Administrative Templates -> Microsoft Excel 2016 -> Excel Options -> Security -> Trust Center -> File Block Settings \"Excel 2 worksheets\" to \"Enabled: Open/Save blocked, use open policy\".\n", 
        "iacontrols": null, 
        "id": "V-70975", 
        "ruleID": "SV-85599r1_rule", 
        "severity": "medium", 
        "title": "Open/Save actions for Excel 2 worksheets must be blocked.\n", 
        "version": "DTOO114"
      }, 
      "V-70977": {
        "checkid": "C-71405r2_chk", 
        "checktext": "Verify the policy value for User Configuration -> Administrative Templates -> Microsoft Excel 2016 -> Excel Options -> Security -> Trust Center -> File Block Settings \"Excel 3 macrosheets and add-in files\" is set to \"Enabled: Open/Save blocked, use open policy\".\n\nProcedure: Use the Windows Registry Editor to navigate to the following key: \n\nHKCU\\Software\\Policies\\Microsoft\\Office\\16.0\\excel\\security\\fileblock\n\nCriteria: If the value XL3Macros is REG_DWORD = 2, this is not a finding.\n", 
        "description": "This policy setting allows you to determine whether users can open, view, edit, or save Excel files with the format specified by the title of this policy setting. If you enable this policy setting, you can specify whether users can open, view, edit, or save files. The options that can be selected are below.  Note: Not all options may be available for this policy setting.- Do not block: The file type will not be blocked.- Save blocked: Saving of the file type will be blocked.- Open/Save blocked, use open policy: Both opening and saving of the file type will be blocked. The file will open based on the policy setting configured in the \"default file block behavior\" key.- Block: Both opening and saving of the file type will be blocked, and the file will not open.- Open in Protected View: Both opening and saving of the file type will be blocked, and the option to edit the file type will not be enabled.- Allow editing and open in Protected View: Both opening and saving of the file type will be blocked, and the option to edit will be enabled. If you disable or do not configure this policy setting, the file type will be blocked.\n", 
        "fixid": "F-77309r1_fix", 
        "fixtext": "Set the policy value for User Configuration -> Administrative Templates -> Microsoft Excel 2016 -> Excel Options -> Security -> Trust Center -> File Block Settings \"Excel 3 macrosheets and add-in files\" to \"Enabled: Open/Save blocked, use open policy\".\n", 
        "iacontrols": null, 
        "id": "V-70977", 
        "ruleID": "SV-85601r1_rule", 
        "severity": "medium", 
        "title": "Open/Save actions for Excel 3 macrosheets and add-in files must be blocked.\n", 
        "version": "DTOO115"
      }, 
      "V-70979": {
        "checkid": "C-71407r2_chk", 
        "checktext": "Verify the policy value for User Configuration -> Administrative Templates -> Microsoft Excel 2016 -> Excel Options -> Security -> Trust Center -> File Block Settings \"Excel 3 worksheets\" is set to \"Enabled: Open/Save blocked, use open policy\".\n\nProcedure: Use the Windows Registry Editor to navigate to the following key: \n\nHKCU\\Software\\Policies\\Microsoft\\Office\\16.0\\excel\\security\\fileblock\n\nCriteria: If the value XL3Worksheets is REG_DWORD = 2, this is not a finding.", 
        "description": "This policy setting allows you to determine whether users can open, view, edit, or save Excel files with the format specified by the title of this policy setting. If you enable this policy setting, you can specify whether users can open, view, edit, or save files. The options that can be selected are below.  Note: Not all options may be available for this policy setting.- Do not block: The file type will not be blocked.- Save blocked: Saving of the file type will be blocked.- Open/Save blocked, use open policy: Both opening and saving of the file type will be blocked. The file will open based on the policy setting configured in the \"default file block behavior\" key.- Block: Both opening and saving of the file type will be blocked, and the file will not open.- Open in Protected View: Both opening and saving of the file type will be blocked, and the option to edit the file type will not be enabled.- Allow editing and open in Protected View: Both opening and saving of the file type will be blocked, and the option to edit will be enabled. If you disable or do not configure this policy setting, the file type will be blocked.\n", 
        "fixid": "F-77311r1_fix", 
        "fixtext": "Set the policy value for User Configuration -> Administrative Templates -> Microsoft Excel 2016 -> Excel Options -> Security -> Trust Center -> File Block Settings \"Excel 3 worksheets\" to \"Enabled: Open/Save blocked, use open policy\".\n", 
        "iacontrols": null, 
        "id": "V-70979", 
        "ruleID": "SV-85603r1_rule", 
        "severity": "medium", 
        "title": "Open/Save actions for Excel 3 worksheets must be blocked.\n", 
        "version": "DTOO116"
      }, 
      "V-70981": {
        "checkid": "C-71409r3_chk", 
        "checktext": "Verify the policy value for Computer Configuration -> Administrative Templates -> Microsoft Office 2016 (Machine) -> Security Settings -> IE Security \"Saved from URL\" is set to \"Enabled\" and 'excel.exe' is checked.\n\nProcedure: Use the Windows Registry Editor to navigate to the following key: \n\nHKLM\\Software\\Microsoft\\Internet Explorer\\Main\\FeatureControl\\FEATURE_UNC_SAVEDFILECHECK\n\nCriteria: If the value excel.exe is REG_DWORD = 1, this is not a finding.", 
        "description": "Typically, when Internet Explorer loads a web page from a Universal Naming Convention (UNC) share that contains a Mark of the Web (MOTW) comment, indicating the page was saved from a site on the Internet, Internet Explorer runs the page in the Internet security zone instead of the less restrictive Local Intranet security zone. This functionality can be controlled separately for instances of Internet Explorer spawned by Office applications (for example, if a user clicks a link in an Office document or selects a menu option that loads a web page). If Internet Explorer does not evaluate the page for a MOTW, potentially dangerous code could be allowed to run.\n", 
        "fixid": "F-77313r1_fix", 
        "fixtext": "Set the policy value for Computer Configuration -> Administrative Templates -> Microsoft Office 2016 (Machine) -> Security Settings -> IE Security \"Saved from URL\" to \"Enabled\" and place a check in the 'excel.exe' check box.\n", 
        "iacontrols": null, 
        "id": "V-70981", 
        "ruleID": "SV-85605r1_rule", 
        "severity": "medium", 
        "title": "Saved from URL mark to assure Internet zone processing must be enforced.\n", 
        "version": "DTOO117"
      }, 
      "V-70983": {
        "checkid": "C-71411r3_chk", 
        "checktext": "Verify the policy value for User Configuration >> Administrative Templates >> Microsoft Excel 2016 >> Excel Options >> Security \"Turn off file validation\" is set to \"Disabled\".\n\nProcedure: Use the Windows Registry Editor to navigate to the following key: \n\nHKCU\\Software\\Policies\\Microsoft\\Office\\16.0\\excel\\security\\filevalidation\n\nCriteria: If the value EnableOnLoad is REG_DWORD = 1, this is not a finding.", 
        "description": "This policy setting allows you to turn off the file validation feature. If you enable this policy setting, file validation will be turned off. If you disable or do not configure this policy setting, file validation will be turned on.  Office Binary Documents (97-2003) are checked to see if they conform against the file format schema before they are opened.\n", 
        "fixid": "F-77315r2_fix", 
        "fixtext": "Set the policy value for User Configuration >> Administrative Templates >> Microsoft Excel 2016 >> Excel Options >> Security \"Turn off file validation\" to \"Disabled\".\n", 
        "iacontrols": null, 
        "id": "V-70983", 
        "ruleID": "SV-85607r2_rule", 
        "severity": "medium", 
        "title": "Configuration for file validation must be enforced.\n", 
        "version": "DTOO119"
      }, 
      "V-70985": {
        "checkid": "C-71413r2_chk", 
        "checktext": "Verify the policy value for User Configuration -> Administrative Templates -> Microsoft Excel 2016 -> Excel Options -> Security -> Trust Center -> File Block Settings \"Web pages and Excel 2003 XML spreadsheets\" is set to \"Enabled: Open/Save blocked, use open policy\".\n\nProcedure: Use the Windows Registry Editor to navigate to the following key: \n\nHKCU\\Software\\Policies\\Microsoft\\Office\\16.0\\excel\\security\\fileblock\n\nCriteria: If the value HtmlandXmlssFiles is REG_DWORD = 2, this is not a finding.", 
        "description": "This policy setting allows you to determine whether users can open, view, edit, or save Excel files with the format specified by the title of this policy setting. If you enable this policy setting, you can specify whether users can open, view, edit, or save files. The options that can be selected are below.  Note: Not all options may be available for this policy setting.- Do not block: The file type will not be blocked.- Save blocked: Saving of the file type will be blocked.- Open/Save blocked, use open policy: Both opening and saving of the file type will be blocked. The file will open based on the policy setting configured in the \"default file block behavior\" key.- Block: Both opening and saving of the file type will be blocked, and the file will not open.- Open in Protected View: Both opening and saving of the file type will be blocked, and the option to edit the file type will not be enabled.- Allow editing and open in Protected View: Both opening and saving of the file type will be blocked, and the option to edit will be enabled. If you disable or do not configure this policy setting, the file type will not be blocked.\n", 
        "fixid": "F-77317r1_fix", 
        "fixtext": "Set the policy value for User Configuration -> Administrative Templates -> Microsoft Excel 2016 -> Excel Options -> Security -> Trust Center -> File Block Settings \"Web pages and Excel 2003 XML spreadsheets\" to \"Enabled: Open/Save blocked, use open policy\".\n", 
        "iacontrols": null, 
        "id": "V-70985", 
        "ruleID": "SV-85609r1_rule", 
        "severity": "medium", 
        "title": "Open/Save actions for web pages and Excel 2003 XML spreadsheets must be blocked.\n", 
        "version": "DTOO120"
      }, 
      "V-70987": {
        "checkid": "C-71415r3_chk", 
        "checktext": "Verify the policy value for User Configuration -> Administrative Templates -> Microsoft Excel 2016 -> Excel Options -> Security -> Trust Center -> Protected View \"Do not open files from the Internet zone in Protected View\" is set to \"Not Configured\" or \"Disabled\".\n\nProcedure: Use the Windows Registry Editor to navigate to the following key: \n\nHKCU\\Software\\Policies\\Microsoft\\Office\\16.0\\excel\\security\\protectedview\n\nCriteria: If the value DisableInternetFilesInPV is REG_DWORD = 0, this is not a finding.   \nIf the value does not exist, this is not a finding.\nIf the value is REG_DWORD = 1, then this is a finding.", 
        "description": "This policy setting allows you to determine if files downloaded from the Internet zone open in Protected View. If you enable this policy setting, files downloaded from the Internet zone do not open in Protected View. If you disable or do not configure this policy setting, files downloaded from the Internet zone open in Protected View.\n", 
        "fixid": "F-77319r2_fix", 
        "fixtext": "Set the policy value for User Configuration -> Administrative Templates -> Microsoft Excel 2016 -> Excel Options -> Security -> Trust Center -> Protected View \"Do not open files from the Internet zone in Protected View\" to \"Not Configured\" or \"Disabled\".\n", 
        "iacontrols": null, 
        "id": "V-70987", 
        "ruleID": "SV-85611r1_rule", 
        "severity": "medium", 
        "title": "Files from the Internet zone must be opened in Protected View.\n", 
        "version": "DTOO121"
      }, 
      "V-70989": {
        "checkid": "C-71417r2_chk", 
        "checktext": "Verify the policy value for User Configuration -> Administrative Templates -> Microsoft Excel 2016 -> Excel Options -> Security -> Trust Center -> File Block Settings \"dBase III / IV files\" is set to \"Enabled: Open/Save blocked, use open policy\".\n\nProcedure: Use the Windows Registry Editor to navigate to the following key: \n\nHKCU\\Software\\Policies\\Microsoft\\Office\\16.0\\excel\\security\\fileblock\n\nCriteria: If the value DBaseFiles is REG_DWORD = 2, this is not a finding.", 
        "description": "This policy setting allows you to determine whether users can open, view, edit, or save Excel files with the format specified by the title of this policy setting. If you enable this policy setting, you can specify whether users can open, view, edit, or save files. The options that can be selected are below.  Note: Not all options may be available for this policy setting.- Do not block: The file type will not be blocked.- Save blocked: Saving of the file type will be blocked.- Open/Save blocked, use open policy: Both opening and saving of the file type will be blocked. The file will open based on the policy setting configured in the \"default file block behavior\" key.- Block: Both opening and saving of the file type will be blocked, and the file will not open.- Open in Protected View: Both opening and saving of the file type will be blocked, and the option to edit the file type will not be enabled.- Allow editing and open in Protected View: Both opening and saving of the file type will be blocked, and the option to edit will be enabled. If you disable or do not configure this policy setting, the file type will not be blocked.\n", 
        "fixid": "F-77321r1_fix", 
        "fixtext": "Set the policy value for User Configuration -> Administrative Templates -> Microsoft Excel 2016 -> Excel Options -> Security -> Trust Center -> File Block Settings \"dBase III / IV files\" to \"Enabled: Open/Save blocked, use open policy\".\n", 
        "iacontrols": null, 
        "id": "V-70989", 
        "ruleID": "SV-85613r1_rule", 
        "severity": "medium", 
        "title": "Open/Save actions for dBase III / IV files must be blocked.\n", 
        "version": "DTOO122"
      }, 
      "V-70991": {
        "checkid": "C-71419r3_chk", 
        "checktext": "Verify the policy value for Computer Configuration -> Administrative Templates -> Microsoft Office 2016 (Machine) -> Security Settings -> IE Security \"Navigate URL\" is set to \"Enabled\" and 'excel.exe' is checked.\n\nProcedure: Use the Windows Registry Editor to navigate to the following key: \n\nHKLM\\Software\\Microsoft\\Internet Explorer\\Main\\FeatureControl\\FEATURE_VALIDATE_NAVIGATE_URL\n\nCriteria: If the value excel.exe is REG_DWORD = 1, this is not a finding.", 
        "description": "To protect users from attacks, Internet Explorer usually does not attempt to load malformed URLs. This functionality can be controlled separately for instances of Internet Explorer spawned by Office applications (for example, if a user clicks a link in an Office document or selects a menu option that loads a web page). If Internet Explorer attempts to load a malformed URL, a security risk could occur.\n", 
        "fixid": "F-77323r1_fix", 
        "fixtext": "Set the policy value for Computer Configuration -> Administrative Templates -> Microsoft Office 2016 (Machine) -> Security Settings -> IE Security \"Navigate URL\" to \"Enabled\" and place a check in the 'excel.exe' check box.\n", 
        "iacontrols": null, 
        "id": "V-70991", 
        "ruleID": "SV-85615r1_rule", 
        "severity": "medium", 
        "title": "Navigation to URLs embedded in Office products must be blocked.\n", 
        "version": "DTOO123"
      }, 
      "V-70993": {
        "checkid": "C-71421r3_chk", 
        "checktext": "Verify the policy value for Computer Configuration -> Administrative Templates -> Microsoft Office 2016 (Machine) -> Security Settings -> IE Security \"Scripted Window Security Restrictions\" is set to \"Enabled\" and 'excel.exe' is checked.\n\nProcedure: Use the Windows Registry Editor to navigate to the following key: \n\nHKLM\\Software\\Microsoft\\Internet Explorer\\Main\\FeatureControl\\FEATURE_WINDOW_RESTRICTIONS\n\nCriteria: If the value excel.exe is REG_DWORD = 1, this is not a finding.", 
        "description": "Malicious websites often try to confuse or trick users into giving a site permission to perform an action allowing the site to take control of the users' computers in some manner. Disabling or not configuring this setting allows unknown websites to:\n-Create browser windows appearing to be from the local operating system.\n-Draw active windows displaying outside of the viewable areas of the screen capturing keyboard input.\n-Overlay parent windows with their own browser windows to hide important system information, choices or prompts.", 
        "fixid": "F-77325r2_fix", 
        "fixtext": "Set the policy value for Computer Configuration -> Administrative Templates -> Microsoft Office 2016 (Machine) -> Security Settings -> IE Security \"Scripted Window Security Restrictions\" to \"Enabled\" and place a check in the 'excel.exe' check box.\n", 
        "iacontrols": null, 
        "id": "V-70993", 
        "ruleID": "SV-85617r1_rule", 
        "severity": "medium", 
        "title": "Scripted Window Security must be enforced.\n", 
        "version": "DTOO124"
      }, 
      "V-70995": {
        "checkid": "C-71423r2_chk", 
        "checktext": "Verify the policy value for Computer Configuration -> Administrative Templates -> Microsoft Office 2016 (Machine) -> Security Settings -> IE Security \"Add-on Management\" is set to \"Enabled\" and 'excel.exe' is checked.\n\nProcedure: Use the Windows Registry Editor to navigate to the following key: \n\nHKLM\\Software\\Microsoft\\Internet Explorer\\Main\\FeatureControl\\FEATURE_ADDON_MANAGEMENT\n\nCriteria: If the value excel.exe is REG_DWORD = 1, this is not a finding.", 
        "description": "Internet Explorer add-ons are pieces of code, run in Internet Explorer, to provide additional functionality. Rogue add-ons may contain viruses or other malicious code. Disabling or not configuring this setting could allow malicious code or users to become active on user computers or the network. For example, a malicious user can monitor and then use keystrokes users type into Internet Explorer. Even legitimate add-ons may demand resources, compromising the performance of Internet Explorer, and the operating systems for user computers.\n", 
        "fixid": "F-77327r2_fix", 
        "fixtext": "Set the policy value for Computer Configuration -> Administrative Templates -> Microsoft Office 2016 (Machine) -> Security Settings -> IE Security \"Add-on Management\" to \"Enabled\" and place a check in the 'excel.exe' check box.\n", 
        "iacontrols": null, 
        "id": "V-70995", 
        "ruleID": "SV-85619r1_rule", 
        "severity": "medium", 
        "title": "Add-on Management functionality must be allowed.\n", 
        "version": "DTOO126"
      }, 
      "V-70997": {
        "checkid": "C-71425r2_chk", 
        "checktext": "Verify the policy value for User Configuration -> Administrative Templates -> Microsoft Excel 2016 -> Excel Options -> Security -> Trust Center \"Require that application add-ins are signed by Trusted Publisher\" is set to \"Enabled\".\n\nProcedure: Use the Windows Registry Editor to navigate to the following key: \n\nHKCU\\Software\\Policies\\Microsoft\\Office\\16.0\\excel\\security\n\nCriteria: If the value RequireAddinSig is REG_DWORD = 1, this is not a finding.", 
        "description": "This policy setting controls whether add-ins for the specified Office 2016 applications must be digitally signed by a trusted publisher. If you enable this policy setting, this application checks the digital signature for each add-in before loading it. If an add-in does not have a digital signature, or if the signature did not come from a trusted publisher, this application disables the add-in and notifies the user. Certificates must be added to the Trusted Publishers list if you require that all add-ins be signed by a trusted publisher. For detail on about obtaining and distributing certificates, see http://go.microsoft.com/fwlink/?LinkId=294922. Office 2016 stores certificates for trusted publishers in the Internet Explorer trusted publisher store. Earlier versions of Microsoft Office stored trusted publisher certificate information (specifically, the certificate thumbprint) in a special Office trusted publisher store.  Office 2016 still reads trusted publisher certificate information from the Office trusted publisher store, but it does not write information to this store. Therefore, if you created a list of trusted publishers in a previous version of Office and you upgrade to Office 2016, your trusted publisher list will still be recognized. However, any trusted publisher certificates that you add to the list will be stored in the Internet Explorer trusted publisher store. For more information about trusted publishers, see the Office Resource Kit. If you disable or do not configure this policy setting, Office 2016 applications do not check the digital signature on application add-ins before opening them. If a dangerous add-in is loaded, it could harm users' computers or compromise data security.\n", 
        "fixid": "F-77329r1_fix", 
        "fixtext": "Set the policy value for User Configuration -> Administrative Templates -> Microsoft Excel 2016 -> Excel Options -> Security -> Trust Center \"Require that application add-ins are signed by Trusted Publisher\" to \"Enabled\".\n", 
        "iacontrols": null, 
        "id": "V-70997", 
        "ruleID": "SV-85621r1_rule", 
        "severity": "medium", 
        "title": "Add-ins to Office applications must be signed by a Trusted Publisher.\n", 
        "version": "DTOO127"
      }, 
      "V-70999": {
        "checkid": "C-71427r2_chk", 
        "checktext": "Verify the policy value for Computer Configuration -> Administrative Templates -> Microsoft Office 2016 (Machine) -> Security Settings -> IE Security \"Block popups\" is set to \"Enabled\" and 'excel.exe' is checked.\n\nProcedure: Use the Windows Registry Editor to navigate to the following key: \n\nHKLM\\Software\\Microsoft\\Internet Explorer\\Main\\FeatureControl\\FEATURE_WEBOC_POPUPMANAGEMENT\n\nCriteria: If the value excel.exe is REG_DWORD = 1, this is not a finding.", 
        "description": "The Pop-up Blocker feature in Internet Explorer can be used to block most unwanted pop-up and pop-under windows from appearing. This functionality can be controlled separately for instances of Internet Explorer spawned by Office applications (for example, if a user clicks a link in an Office document or selects a menu option that loads a web page). If the Pop-up Blocker is disabled, disruptive and potentially dangerous pop-up windows could load and present a security risk.\n", 
        "fixid": "F-77331r2_fix", 
        "fixtext": "Set the policy value for Computer Configuration -> Administrative Templates -> Microsoft Office 2016 (Machine) -> Security Settings -> IE Security \"Block popups\" to \"Enabled\" and place a check in the 'excel.exe' check box.\n", 
        "iacontrols": null, 
        "id": "V-70999", 
        "ruleID": "SV-85623r1_rule", 
        "severity": "medium", 
        "title": "Links that invoke instances of Internet Explorer from within an Office product must be blocked.\n", 
        "version": "DTOO129"
      }, 
      "V-71001": {
        "checkid": "C-71429r2_chk", 
        "checktext": "Verify the policy value for User Configuration -> Administrative Templates -> Microsoft Excel 2016 -> Excel Options -> Security -> Trust Center \"Disable Trust Bar Notification for unsigned application add-ins and block them\" is set to \"Enabled\".\n\nProcedure: Use the Windows Registry Editor to navigate to the following key: \n\nHKCU\\Software\\Policies\\Microsoft\\Office\\16.0\\excel\\security\n\nCriteria: If the value NoTBPromptUnsignedAddin is REG_DWORD = 1, this is not a finding.", 
        "description": "This policy setting controls whether the specified Office 2016 applications notify users when unsigned application add-ins are loaded or silently disable such add-ins without notification. This policy setting only applies if you enable the ''Require that application add-ins are signed by Trusted Publisher'' policy setting, which prevents users from changing this policy setting. If you enable this policy setting, applications automatically disable unsigned add-ins without informing users. If you disable this policy setting, if an application is configured to require that all add-ins be signed by a trusted publisher, any unsigned add-ins the application loads will be disabled and the application will display the Trust Bar at the top of the active window. The Trust Bar contains a message that informs users about the unsigned add-in. If you do not configure this policy setting, the disable behavior applies, and in addition, users can configure this requirement themselves in the ''Add-ins'' category of the Trust Center for the application.\n", 
        "fixid": "F-77333r1_fix", 
        "fixtext": "Set the policy value for User Configuration -> Administrative Templates -> Microsoft Excel 2016 -> Excel Options -> Security -> Trust Center \"Disable Trust Bar Notification for unsigned application add-ins and block them\" to \"Enabled\".\n", 
        "iacontrols": null, 
        "id": "V-71001", 
        "ruleID": "SV-85625r1_rule", 
        "severity": "medium", 
        "title": "Trust Bar Notifications for unsigned application add-ins must be blocked.\n", 
        "version": "DTOO131"
      }, 
      "V-71003": {
        "checkid": "C-71431r2_chk", 
        "checktext": "Verify the policy value for Computer Configuration -> Administrative Templates -> Microsoft Office 2016 (Machine) -> Security Settings -> IE Security \"Restrict File Download\" is set to \"Enabled\" and 'excel.exe' is checked.\n\nProcedure: Use the Windows Registry Editor to navigate to the following key: \n\nHKLM\\Software\\Microsoft\\Internet Explorer\\Main\\FeatureControl\\FEATURE_RESTRICT_FILEDOWNLOAD\n\nCriteria: If the value of excel.exe is REG_DWORD = 1, this is not a finding.", 
        "description": "Disabling this setting allows websites to present file download prompts via code without the user specifically initiating the download. User preferences may also allow the download to occur without prompting or interaction with the user. Even if Internet Explorer prompts the user to accept the download, some websites abuse this functionality. Malicious websites may continually prompt users to download a file or present confusing dialog boxes to trick users into downloading or running a file. If the download occurs and it contains malicious code, the code could become active on user computers or the network.\n", 
        "fixid": "F-77335r2_fix", 
        "fixtext": "Set the policy value for Computer Configuration -> Administrative Templates -> Microsoft Office 2016 (Machine) -> Security Settings -> IE Security \"Restrict File Download\" to \"Enabled\" and place a check in the 'excel.exe' check box.\n", 
        "iacontrols": null, 
        "id": "V-71003", 
        "ruleID": "SV-85627r1_rule", 
        "severity": "medium", 
        "title": "File Downloads must be configured for proper restrictions.\n", 
        "version": "DTOO132"
      }, 
      "V-71005": {
        "checkid": "C-71433r2_chk", 
        "checktext": "Verify the policy value for User Configuration -> Administrative Templates -> Microsoft Excel 2016 -> Excel Options -> Security -> Trust Center -> Trusted Locations \"Disable all trusted locations\" is set to \"Enabled\".\n\nProcedure: Use the Windows Registry Editor to navigate to the following key: \n\nHKCU\\Software\\Policies\\Microsoft\\Office\\16.0\\excel\\security\\trusted locations\n\nCriteria: If the value AllLocationsDisabled is REG_DWORD = 1, this is not a finding.", 
        "description": "This policy setting allows administrators to disable all trusted locations in the specified applications. Trusted locations specified in the Trust Center are used to define file locations that are assumed to be safe. Content, code, and add-ins are allowed to load from trusted locations with a minimal amount of security, without prompting the users for permission. If a dangerous file is opened from a trusted location, it will not be subject to standard security measures and could harm users' computers or data. If you enable this policy setting, all trusted locations (those specified in the Trust Center) in the specified applications are ignored, including any trusted locations established by Office 2016 during setup, deployed to users using Group Policy, or added by users themselves.  Users will be prompted again when opening files from trusted locations. If you disable or do not configure this policy setting, all trusted locations (those specified in the Trust Center) in the specified applications are assumed to be safe.\n", 
        "fixid": "F-77337r1_fix", 
        "fixtext": "Set the policy value for User Configuration -> Administrative Templates -> Microsoft Excel 2016 -> Excel Options -> Security -> Trust Center -> Trusted Locations \"Disable all trusted locations\" to \"Enabled\".\n", 
        "iacontrols": null, 
        "id": "V-71005", 
        "ruleID": "SV-85629r1_rule", 
        "severity": "medium", 
        "title": "All automatic loading from trusted locations must be disabled.\n", 
        "version": "DTOO133"
      }, 
      "V-71007": {
        "checkid": "C-71435r2_chk", 
        "checktext": "Verify the policy value for User Configuration -> Administrative Templates -> Microsoft Excel 2016 -> Excel Options -> Security -> Trust Center -> Trusted Locations \"Allow Trusted Locations on the network\" is set to \"Disabled\".\n\nProcedure: Use the Windows Registry Editor to navigate to the following key: \n\nHKCU\\Software\\Policies\\Microsoft\\Office\\16.0\\excel\\security\\trusted locations\n\nCriteria: If the value AllowNetworkLocations is REG_DWORD = 0, this is not a finding.", 
        "description": "This policy setting controls whether trusted locations on the network can be used. If you enable this policy setting, users can specify trusted locations on network shares or in other remote locations that are not under their direct control by clicking the \"Add new location\" button in the Trusted Locations section of the Trust Center. Content, code, and add-ins are allowed to load from trusted locations with minimal security and without prompting the user for permission. If you disable this policy setting, the selected application ignores any network locations listed in the Trusted Locations section of the Trust Center. If you also deploy Trusted Locations via Group Policy, you should verify whether any of them are remote locations. If any of them are remote locations and you do not allow remote locations via this policy setting, those policy keys that point to remote locations will be ignored on client computers. Disabling this policy setting does not delete any network locations from the Trusted Locations list, but causes disruption for users who add network locations to the Trusted Locations list. Users are also prevented from adding new network locations to the Trusted Locations list in the Trust Center.  We recommended that you do not enable this policy setting (as the \"Allow Trusted Locations on my network (not recommended)\" check box also states). Therefore, in practice, it should be possible to disable this policy setting in most situations without causing significant usability issues for most users. If you do not enable this policy setting, users can select the \"Allow Trusted Locations on my network (not recommended)\" check box if desired and then specify trusted locations by clicking the \"Add new location\" button.\n", 
        "fixid": "F-77339r1_fix", 
        "fixtext": "Set the policy value for User Configuration -> Administrative Templates -> Microsoft Excel 2016 -> Excel Options -> Security -> Trust Center -> Trusted Locations \"Allow Trusted Locations on the network\" to \"Disabled\".\n", 
        "iacontrols": null, 
        "id": "V-71007", 
        "ruleID": "SV-85631r1_rule", 
        "severity": "medium", 
        "title": "Disallowance of trusted locations on the network must be enforced.\n", 
        "version": "DTOO134"
      }, 
      "V-71011": {
        "checkid": "C-71439r3_chk", 
        "checktext": "Verify the policy value for User Configuration -> Administrative Templates -> Microsoft Excel 2016 -> Excel Options -> Save \"default file format\" is set to \"Enabled: (Excel Workbook *.xlsx)\". \n\nProcedure: Use the Windows Registry Editor to navigate to the following key: \n\nHKCU\\Software\\Policies\\Microsoft\\Office\\16.0\\excel\\options\n\nCriteria: If the value DefaultFormat is REG_DWORD =  0x00000033(hex) or 51 (Decimal), this is not a finding.", 
        "description": "This policy setting controls the default file format for saving workbooks in Excel. If you enable this policy setting, you can set the default file format for Excel from among the following options:- Excel Workbook (.xlsx). This option is the default configuration in Excel 2016.- Excel Macro-Enabled Workbook (.xlsm)- Excel Binary Workbook (.xlsb)- Web Page (.htm; .html)- Excel 97-2003 Workbook (.xls)- Excel 5.0/95 Workbook (.xls)- OpenDocument Spreadsheet (*.ods). Users can choose to save workbooks in a different file format than the default. If you disable or you do not configure this policy setting, Excel saves new workbooks in the Office Open XML format with an .xlsx extension.\n", 
        "fixid": "F-77343r2_fix", 
        "fixtext": "Set the policy value for User Configuration -> Administrative Templates -> Microsoft Excel 2016 -> Excel Options -> Save \"default file format\" to \"Enabled: (Excel Workbook *.xlsx)\".\n", 
        "iacontrols": null, 
        "id": "V-71011", 
        "ruleID": "SV-85635r1_rule", 
        "severity": "medium", 
        "title": "The Save commands default file format must be configured.\n", 
        "version": "DTOO139"
      }, 
      "V-71015": {
        "checkid": "C-71443r3_chk", 
        "checktext": "Verify the policy value for User Configuration -> Administrative Templates -> Microsoft Excel 2016 -> Excel Options -> Security \"Scan encrypted macros in Excel Open XML workbooks\" is set to \"Disabled\".  The option 'Enabled: Scan encrypted macros (default)' is also an acceptable value.\n\nProcedure: Use the Windows Registry Editor to navigate to the following key: \n\nHKCU\\Software\\Policies\\Microsoft\\Office\\16.0\\excel\\security\n\nCriteria: If the value ExcelBypassEncryptedMacroScan does not exist, this is not a finding. If the value is REG_DWORD = 0, this is not a finding.\n", 
        "description": "This policy setting controls whether encrypted macros in Open XML workbooks be are required to be scanned with anti-virus software before being opened. If you enable this policy setting, you may choose one of these options:- Scan encrypted macros: encrypted macros are disabled unless anti-virus software is installed.  Encrypted macros are scanned by your anti-virus software when you attempt to open an encrypted workbook that contains macros.- Scan if anti-virus software available: if anti-virus software is installed, scan the encrypted macros first before allowing them to load.  If anti-virus software is not available, allow encrypted macros to load.- Load macros without scanning: do not check for anti-virus software and allow macros to be loaded in an encrypted file. If you disable or do not configure this policy setting, the behavior will be similar to the \"Scan encrypted macros\" option.\n", 
        "fixid": "F-77347r2_fix", 
        "fixtext": "Set the policy value for User Configuration -> Administrative Templates -> Microsoft Excel 2016 -> Excel Options -> Security \"Scan encrypted macros in Excel Open XML workbooks\" to \"Disabled\".\n", 
        "iacontrols": null, 
        "id": "V-71015", 
        "ruleID": "SV-85639r1_rule", 
        "severity": "medium", 
        "title": "The scanning of encrypted macros in open XML documents must be enforced.\n", 
        "version": "DTOO142"
      }, 
      "V-71017": {
        "checkid": "C-71445r2_chk", 
        "checktext": "Verify the policy value for User Configuration -> Administrative Templates -> Microsoft Excel 2016 -> Excel Options -> Security -> Trust Center \"Store macro in Personal Macro Workbook by default\" is set to \"Enabled\".\n\nProcedure: Use the Windows Registry Editor to navigate to the following key: \n\nHKCU\\Software\\Policies\\Microsoft\\Office\\16.0\\excel\\options\\binaryoptions\n\nCriteria: If the value fGlobalSheet_37_1 is REG_DWORD = 1, this is not a finding.", 
        "description": "This policy setting controls the default location for storing macros in Excel. If this policy setting is enabled, Excel stores macros in users' personal macro workbook. If you disable or do not configure this policy setting, Excel stores macros in the active workbook from which they are created. Note: In the user interface (UI), the \"Store macro in\" drop down list box in the Record Macro dialog box (Macros | Record Macro) allows users to choose whether to store the new macro in the current workbook, a new workbook, or their personal macro workbook (Personal.xlsb), a hidden workbook that opens every time Excel starts. By default, Excel displays the \"Store macro in\" box with \"This Workbook\" already selected in the drop-down list. If a user saves a macro in the active workbook and then distributes the workbook to others, the macro is distributed along with the workbook. If you enable this policy setting, Excel displays the \"Store macro in\" box with \"Personal Macro Workbook\" already selected. Users can still select one of the other two options in the drop-down menu.\n", 
        "fixid": "F-77349r1_fix", 
        "fixtext": "Set the policy value for User Configuration -> Administrative Templates -> Microsoft Excel 2016 -> Excel Options -> Security -> Trust Center \"Store macro in Personal Macro Workbook by default\" to \"Enabled\".\n", 
        "iacontrols": null, 
        "id": "V-71017", 
        "ruleID": "SV-85641r1_rule", 
        "severity": "medium", 
        "title": "Macro storage must be in personal macro workbooks.\n", 
        "version": "DTOO145"
      }, 
      "V-71019": {
        "checkid": "C-71447r2_chk", 
        "checktext": "Verify the policy value for User Configuration -> Administrative Templates -> Microsoft Excel 2016 -> Excel Options -> Security -> Trust Center \"Trust access to Visual Basic Project\" is set to \"Disabled\".\n\nProcedure: Use the Windows Registry Editor to navigate to the following key: \n\nHKCU\\Software\\Policies\\Microsoft\\Office\\16.0\\excel\\security\n\nCriteria: If the value AccessVBOM is REG_DWORD = 0, this is not a finding.", 
        "description": "This policy setting controls whether automation clients such as Microsoft Visual Studio 2005 Tools for Microsoft Office (VSTO) can access the Visual Basic for Applications project system in the specified applications. VSTO projects require access to the Visual Basic for Applications project system in Excel, PowerPoint, and Word, even though the projects do not use Visual Basic for Applications. Design-time support of controls in both Visual Basic and C# projects depends on the Visual Basic for Applications project system in Word and Excel. If you enable this policy setting, VSTO and other automation clients can access the Visual Basic for Applications project system in the specified applications. Users will not be able to change this behavior through the \"Trust access to the VBA project object model\" user interface option under the Macro Settings section of the Trust Center. If you disable this policy setting, VSTO does not have programmatic access to VBA projects. In addition, the \"Trust access to the VBA project object model\" check box is cleared and users cannot change it.  Note: Disabling this policy setting prevents VSTO projects from interacting properly with the VBA project system in the selected application. If you do not configure this policy setting, automation clients do not have programmatic access to VBA projects. Users can enable this by selecting the \"Trust access to the VBA project object model\" in the \"Macro Settings\" section of the Trust Center. However, doing so allows macros in any documents the user opens to access the core Visual Basic objects, methods, and properties, which represents a potential security hazard.\n", 
        "fixid": "F-77351r1_fix", 
        "fixtext": "Set the policy value for User Configuration -> Administrative Templates -> Microsoft Excel 2016 -> Excel Options -> Security -> Trust Center \"Trust access to Visual Basic Project\" to \"Disabled\".\n", 
        "iacontrols": null, 
        "id": "V-71019", 
        "ruleID": "SV-85643r1_rule", 
        "severity": "medium", 
        "title": "Trust access for VBA must be disallowed.\n", 
        "version": "DTOO146"
      }, 
      "V-71023": {
        "checkid": "C-71451r2_chk", 
        "checktext": "Verify the policy value for Computer Configuration -> Administrative Templates -> Microsoft Office 2016 (Machine) -> Security Settings -> IE Security \"Protection From Zone Elevation\" is set to \"Enabled\" and 'excel.exe' is checked.\n\nProcedure: Use the Windows Registry Editor to navigate to the following key: \n\nHKLM\\Software\\Microsoft\\Internet Explorer\\Main\\FeatureControl\\FEATURE_ZONE_ELEVATION\n\nCriteria: If the value excel.exe is REG_DWORD = 1, this is not a finding.", 
        "description": "Internet Explorer places restrictions on each web page users can use the browser to open. Web pages on a user's local computer have the fewest security restrictions and reside in the Local Machine zone, making this security zone a prime target for malicious users and code. Disabling or not configuring this setting could allow pages in the Internet zone to navigate to pages in the Local Machine zone to then run code to elevate privileges. This could allow malicious code or users to become active on user computers or the network.\n", 
        "fixid": "F-77355r2_fix", 
        "fixtext": "Set the policy value for Computer Configuration -> Administrative Templates -> Microsoft Office 2016 (Machine) -> Security Settings -> IE Security \"Protection From Zone Elevation\" to \"Enabled\" and place a check in the 'excel.exe' check box. ", 
        "iacontrols": null, 
        "id": "V-71023", 
        "ruleID": "SV-85647r1_rule", 
        "severity": "medium", 
        "title": "Protection from zone elevation must be enforced.\n", 
        "version": "DTOO209"
      }, 
      "V-71025": {
        "checkid": "C-71453r2_chk", 
        "checktext": "Verify the policy value for Computer Configuration -> Administrative Templates -> Microsoft Office 2016 (Machine) -> Security Settings -> IE Security \"Restrict ActiveX Install\" is set to \"Enabled\" and 'excel.exe' is checked.\n\nProcedure: Use the Windows Registry Editor to navigate to the following key: \n\nHKLM\\Software\\Microsoft\\Internet Explorer\\Main\\FeatureControl\\FEATURE_RESTRICT_ACTIVEXINSTALL\n\nCriteria: If the value excel.exe is REG_DWORD = 1, this is not a finding.", 
        "description": "Microsoft ActiveX controls allow unmanaged, unprotected code to run on the user computers. ActiveX controls do not run within a protected container in the browser like the other types of HTML or Microsoft Silverlight-based controls. Disabling or not configuring this setting does not block prompts for ActiveX control installations, and these prompts display to users. This could allow malicious code to become active on user computers or the network.\n", 
        "fixid": "F-77357r2_fix", 
        "fixtext": "Set the policy value for Computer Configuration -> Administrative Templates -> Microsoft Office 2016 (Machine) -> Security Settings -> IE Security \"Restrict ActiveX Install\" to \"Enabled\" and place a check in the 'excel.exe' check box.\n", 
        "iacontrols": null, 
        "id": "V-71025", 
        "ruleID": "SV-85649r1_rule", 
        "severity": "medium", 
        "title": "ActiveX Installs must be configured for proper restriction.\n", 
        "version": "DTOO211"
      }, 
      "V-71027": {
        "checkid": "C-71455r3_chk", 
        "checktext": "Verify the policy value for User Configuration -> Administrative Templates -> Microsoft Excel 2016 -> Excel Options -> Security -> Trust Center -> Protected View \"Do not open files in unsafe locations in Protected View\" is set to \"Not Configured\" or \"Disabled\".\n\nProcedure: Use the Windows Registry Editor to navigate to the following key: \n\nHKCU\\Software\\Policies\\Microsoft\\Office\\16.0\\excel\\security\\protectedview\n\nCriteria: If the value DisableUnsafeLocationsInPV is REG_DWORD = 0, this is not a finding.\nIf the value does not exist, this is not a finding.\nIf the value is REG_DWORD = 1, then this is a finding.\n", 
        "description": "This policy setting lets you determine if files located in unsafe locations will open in Protected View.  If you have not specified unsafe locations, only the \"Downloaded Program Files\" and \"Temporary Internet Files\" folders are considered unsafe locations. If you enable this policy setting, files located in unsafe locations do not open in Protected View. If you disable or do not configure this policy setting, files located in unsafe locations open in Protected View.\n", 
        "fixid": "F-77359r2_fix", 
        "fixtext": "Set the policy value for User Configuration -> Administrative Templates -> Microsoft Excel 2016 -> Excel Options -> Security -> Trust Center -> Protected View \"Do not open files in unsafe locations in Protected View\" to \"Not Configured\" or \"Disabled\".\n", 
        "iacontrols": null, 
        "id": "V-71027", 
        "ruleID": "SV-85651r1_rule", 
        "severity": "medium", 
        "title": "Files in unsafe locations must be opened in Protected View.\n", 
        "version": "DTOO288"
      }, 
      "V-71029": {
        "checkid": "C-71457r5_chk", 
        "checktext": "Verify the policy value for User Configuration -> Administrative Templates -> Microsoft Excel 2016 -> Excel Options -> Security -> Trust Center -> Protected View \"Set document behavior if file validation fails\" is set to \"Disabled\".  The option 'Enabled: Open in Protected View' and Unchecked for 'Do not allow edit' is also an acceptable value.\n\nProcedure: Use the Windows Registry Editor to navigate to the following key: \n\nHKCU\\Software\\Policies\\Microsoft\\Office\\16.0\\excel\\security\\filevalidation\n\nCriteria: If the value openinprotectedview does not exist, this is not a finding. If the value is REG_DWORD = 1, this is not a finding. \n\nIf the value DisableEditFromPV is set to REG_DWORD = 1, this is not a finding.  If the value is set to REG_DWORD = 0, this is a finding.", 
        "description": "This policy setting controls how Office handles documents when they fail file validation. If you enable this policy setting, you can configure the following options for files that fail file validation:- Block files completely. Users cannot open the files.- Open files in Protected View and disallow edit. Users cannot edit the files. This is also how Office handles the files if you disable this policy setting.- Open files in Protected View and allow edit. Users can edit the files. This is also how Office handles the files if you do not configure this policy setting.If you disable this policy setting, Office follows the \"Open files in Protected View and disallow edit\" behavior. If you do not configure this policy setting, Office follows the \"Open files in Protected View and allow edit\" behavior.\n", 
        "fixid": "F-77361r2_fix", 
        "fixtext": "Set the policy value for User Configuration -> Administrative Templates -> Microsoft Excel 2016 -> Excel Options -> Security -> Trust Center -> Protected View \"Set document behavior if file validation fails\" to \"Disabled\".\n", 
        "iacontrols": null, 
        "id": "V-71029", 
        "ruleID": "SV-85653r1_rule", 
        "severity": "medium", 
        "title": "Document behavior if file validation fails must be set.\n", 
        "version": "DTOO292"
      }, 
      "V-71031": {
        "checkid": "C-71459r3_chk", 
        "checktext": "Verify the policy value for User Configuration -> Administrative Templates -> Microsoft Excel 2016 -> Excel Options -> Security -> Trust Center -> Protected View \"Turn off Protected View for attachments opened from Outlook\" is set to \"Disabled\".\n\nProcedure: Use the Windows Registry Editor to navigate to the following key: \n\nHKCU\\Software\\Policies\\Microsoft\\Office\\16.0\\Excel\\security\\protectedview\n\nCriteria: If the value DisableAttachmentsInPV  is REG_DWORD = 0, this is not a finding.", 
        "description": "This policy setting allows you to determine if Excel files in Outlook attachments open in Protected View. If you enable this policy setting, Outlook attachments do not open in Protected View. If you disable or do not configure this policy setting, Outlook attachments open in Protected View.\n", 
        "fixid": "F-77363r1_fix", 
        "fixtext": "Set the policy value for User Configuration -> Administrative Templates -> Microsoft Excel 2016 -> Excel Options -> Security -> Trust Center -> Protected View \"Turn off Protected View for attachments opened from Outlook\" to \"Disabled\".\n", 
        "iacontrols": null, 
        "id": "V-71031", 
        "ruleID": "SV-85655r1_rule", 
        "severity": "medium", 
        "title": "Excel attachments opened from Outlook must be in Protected View.\n", 
        "version": "DTOO293"
      }, 
      "V-71033": {
        "checkid": "C-71461r3_chk", 
        "checktext": "Verify the policy value for User Configuration -> Administrative Templates -> Microsoft Excel 2016 -> Application Settings -> Security ->  Trust Center -> \"VBA macro Notification Settings\" is set to \"Enabled: Disable all with notification\".  The options \u2018Enabled: Disable all except digitally signed macros\u2019 and \u2018Enabled: Disable all without notification\u2019 are more restrictive and also acceptable values. \n\nProcedure: Use the Windows Registry Editor to navigate to the following key: \n\nHKCU\\software\\policies\\Microsoft\\office\\16.0\\excel\\security\n\nCriteria: If the value vbawarnings is REG_DWORD = 2, this is not a finding.   Values of REG_DWORD = 3 or 4 are also acceptable values.    If the registry key does not exist or the value is REG_DWORD = 1, then this is a finding. \n", 
        "description": "This policy setting controls how the specified applications warn users when Visual Basic for Applications (VBA) macros are present. If you enable this policy setting, you can choose from four options for determining how the specified applications will warn the user about macros: - Disable all with notification:  The application displays the Trust Bar for all macros, whether signed or unsigned. This option enforces the default configuration in Office. - Disable all except digitally signed macros: The application displays the Trust Bar for digitally signed macros, allowing users to enable them or leave them disabled. Any unsigned macros are disabled, and users are not notified. - Disable all without notification: The application disables all macros, whether signed or unsigned, and does not notify users. - Enable all macros (not recommended):  All macros are enabled, whether signed or unsigned. This option can significantly reduce security by allowing dangerous code to run undetected. If you disable this policy setting, \"Disable all with notification\" will be the default setting. If you do not configure this policy setting, when users open files in the specified applications that contain VBA macros, the applications open the files with the macros disabled and display the Trust Bar with a warning that macros are present and have been disabled. Users can inspect and edit the files if appropriate, but cannot use any disabled functionality until they enable it by clicking \"Enable Content\" on the Trust Bar.  If the user clicks \"Enable Content\", then the document is added as a trusted document. Important: If \"Disable all except digitally signed macros\" is selected, users will not be able to open unsigned Access databases. Also, note that Microsoft Office stores certificates for trusted publishers in the Internet Explorer trusted publisher store. Earlier versions of Microsoft Office stored trusted publisher certificate information (specifically, the certificate thumbprint) in a special Office trusted publisher store. Microsoft Office still reads trusted publisher certificate information from the Office trusted publisher store, but it does not write information to this store. Therefore, if you created a list of trusted publishers in a previous version of Microsoft Office and you upgrade to Office, your trusted publisher list will still be recognized. However, any trusted publisher certificates that you add to the list will be stored in the Internet Explorer trusted publisher store.\n", 
        "fixid": "F-77365r1_fix", 
        "fixtext": "Set the policy value for User Configuration -> Administrative Templates -> Microsoft Excel 2016 -> Excel Options -> Security -> Trust Center \"VBA Macro Notification Settings\" to \"Enabled: Disable all with notification\".\n", 
        "iacontrols": null, 
        "id": "V-71033", 
        "ruleID": "SV-85657r1_rule", 
        "severity": "medium", 
        "title": "Warning Bar settings for VBA macros must be configured.\n", 
        "version": "DTOO304"
      }, 
      "V-71035": {
        "checkid": "C-71463r3_chk", 
        "checktext": "Verify the policy value for User Configuration -> Administrative Templates -> Microsoft Excel 2016 -> Excel Options -> Security -> \"WEBSERVICE Function Notification Settings\" is set to \"Disabled\".   The option 'Enabled: Disable all with notification' is also an acceptable value.\n\nProcedure: Use the Windows Registry Editor to navigate to the following key: \n\nHKCU\\software\\policies\\Microsoft\\office\\16.0\\excel\\security \n\nCriteria: If the value webservicefunctionwarnings does not exist,  this is not a finding.   If the registry key exists and is set to REG_DWORD = 1, this is also an acceptable value.   If the value is REG_DWORD = 0 or 2, then this is a finding.", 
        "description": "This policy setting controls how Excel will warn users when WEBSERVICE functions are present. If you enable this policy setting, you can choose from three options for determining how the specified applications will warn the user about WEBSERVICE functions:- Disable all with notification:  The application displays the Trust Bar for all WEBSERVICE functions. This option enforces the default configuration in Office.- Disable all without notification: The application disables all WEBSERVICE functions and does not notify users.- Enable all WEBSERVICE functions (not recommended):  The application enables all WEBSERVICE functions and does not notify users. This option can significantly reduce security by allowing information disclosure to third party web services. If you disable this policy setting, the 'Disable all with notification' will be the default setting. If you do not configure this policy setting, when users open workbooks that contain WEBSERVICE functions, Excel will open the files with the WEBSERVICE functions disabled and display the Trust Bar with a warning that WEBSERVICE functions are present and have been disabled. Users can inspect and edit the files if appropriate, but cannot use any disabled functionality until they enable it by clicking \"Enable Content\" on the Trust Bar.  If the user clicks \"Enable Content,\" then the document is added as a trusted document.\n", 
        "fixid": "F-77367r3_fix", 
        "fixtext": "Set policy value for User Configuration -> Administrative Templates -> Microsoft Excel 2016 -> Excel Options -> Security -> \"WEBSERVICE Function Notification Settings\" to \"Disabled\".\n", 
        "iacontrols": null, 
        "id": "V-71035", 
        "ruleID": "SV-85659r1_rule", 
        "severity": "medium", 
        "title": "WEBSERVICE functions must be disabled.\n", 
        "version": "DTOO418"
      }, 
      "V-71037": {
        "checkid": "C-71465r2_chk", 
        "checktext": "Verify the policy value for User Configuration -> Administrative Templates -> Microsoft Excel 2016 -> Data Recovery -> \"Do not show data extraction options when opening corrupt workbooks\" is set to \"Enabled\".\n\nProcedure: Use the Windows Registry Editor to navigate to the following key: \n\nHKCU\\software\\policies\\Microsoft\\office\\16.0\\excel\\options \n\nCriteria: If the value extractdatadisableui is REG_DWORD = 1, this is not a finding.", 
        "description": "This policy setting controls whether Excel presents users with a list of data extraction options before beginning an Open and Repair operation when users choose to open a corrupt workbook in repair or extract mode. If you enable this policy setting, Excel opens the file using the Safe Load process and does not prompt users to choose between repairing or extracting data. If you disable or do not configure this policy setting, Excel prompts the user to select either to repair or to extract data, and to select either to convert to values or to recover formulas.\n", 
        "fixid": "F-77369r2_fix", 
        "fixtext": "Set the policy value for User Configuration -> Administrative Templates -> Microsoft Excel 2016 -> Data Recovery -> \"Do not show data extraction options when opening corrupt workbooks\" to \"Enabled\".\n", 
        "iacontrols": null, 
        "id": "V-71037", 
        "ruleID": "SV-85661r1_rule", 
        "severity": "medium", 
        "title": "Corrupt workbook options must be disallowed.\n", 
        "version": "DTOO419"
      }, 
      "V-71039": {
        "checkid": "C-71467r2_chk", 
        "checktext": "Verify the policy value for User Configuration -> Administrative Templates -> Microsoft Excel 2016 -> Excel Options -> Security -> Trust Center \"Block macros from running in Office files from the Internet\" is set to \"Enabled\".\n\nProcedure: Use the Windows Registry Editor to navigate to the following key: \n\nHKCU\\Software\\Policies\\Microsoft\\Office\\16.0\\excel\\security\n\nCriteria: If the value blockcontentexecutionfrominternet is REG_DWORD = 1, this is not a finding.\n", 
        "description": "This policy setting allows you to block macros from running in Office files that come from the Internet.  If you enable this policy setting, macros are blocked from running, even if 'Enable all macro's is selected in the Macro Settings section of the Trust Center. Also, instead of having the choice to 'Enable Content', users will receive a notification that macros are blocked from running. If the Office file is saved to a trusted location or was previously trusted by the user, macros will be allowed to run.  If you disable or don't configure this policy setting, the settings configured in the Macro Settings section of the Trust Center determine whether macros run in Office files that come from the Internet.      \n", 
        "fixid": "F-77371r1_fix", 
        "fixtext": "Set the policy value for User Configuration -> Administrative Templates -> Microsoft Excel 2016 -> Excel Options -> Security -> Trust Center \"Block macros from running in Office files from the Internet\" to \"Enabled\".\n", 
        "iacontrols": null, 
        "id": "V-71039", 
        "ruleID": "SV-85663r1_rule", 
        "severity": "medium", 
        "title": "Macros must be blocked from running in Office files from the Internet.\n", 
        "version": "DTOO600"
      }, 
      "V-71639": {
        "checkid": "C-71969r1_chk", 
        "checktext": "Verify the policy value for User Configuration -> Administrative Templates -> Microsoft Excel 2016 -> Excel Options -> Security -> Trust Center -> Protected View \"Open files on local Intranet UNC in Protected View\" is set to \"Enabled\".\n\nProcedure: Use the Windows Registry Editor to navigate to the following key: \n\nHKCU\\Software\\Policies\\Microsoft\\Office\\16.0\\excel\\security\\protectedview\n\nCriteria: If the value DisableIntranetCheck is REG_DWORD = 0, this is not a finding.", 
        "description": "This policy setting lets you determine if files on local Intranet UNC file shares open in Protected View. If you enable this policy setting, files on local Intranet UNC file shares open in Protected View if their UNC paths appear to be within the Internet zone. If you disable or do not configure this policy setting, files on Intranet UNC file shares do not open in Protected View if their UNC paths appear to be within the Internet zone.", 
        "fixid": "F-77965r1_fix", 
        "fixtext": "Set the policy value for User Configuration -> Administrative Templates -> Microsoft Excel 2016 -> Excel Options -> Security -> Trust Center -> Protected View \"Open files on local Intranet UNC in Protected View\" to \"Enabled\".", 
        "iacontrols": null, 
        "id": "V-71639", 
        "ruleID": "SV-86263r1_rule", 
        "severity": "medium", 
        "title": "Files on local Intranet UNC must be opened in Protected View.", 
        "version": "DTOO605"
      }
    }, 
    "profiles": {
      "MAC-1_Classified": {
        "description": "<ProfileDescription></ProfileDescription>", 
        "findings": {
          "V-70955": "true", 
          "V-70957": "true", 
          "V-70959": "true", 
          "V-70961": "true", 
          "V-70963": "true", 
          "V-70965": "true", 
          "V-70967": "true", 
          "V-70969": "true", 
          "V-70971": "true", 
          "V-70973": "true", 
          "V-70975": "true", 
          "V-70977": "true", 
          "V-70979": "true", 
          "V-70981": "true", 
          "V-70983": "true", 
          "V-70985": "true", 
          "V-70987": "true", 
          "V-70989": "true", 
          "V-70991": "true", 
          "V-70993": "true", 
          "V-70995": "true", 
          "V-70997": "true", 
          "V-70999": "true", 
          "V-71001": "true", 
          "V-71003": "true", 
          "V-71005": "true", 
          "V-71007": "true", 
          "V-71011": "true", 
          "V-71015": "true", 
          "V-71017": "true", 
          "V-71019": "true", 
          "V-71023": "true", 
          "V-71025": "true", 
          "V-71027": "true", 
          "V-71029": "true", 
          "V-71031": "true", 
          "V-71033": "true", 
          "V-71035": "true", 
          "V-71037": "true", 
          "V-71039": "true", 
          "V-71639": "true"
        }, 
        "id": "MAC-1_Classified", 
        "title": "I - Mission Critical Classified"
      }, 
      "MAC-1_Public": {
        "description": "<ProfileDescription></ProfileDescription>", 
        "findings": {
          "V-70955": "true", 
          "V-70957": "true", 
          "V-70959": "true", 
          "V-70961": "true", 
          "V-70963": "true", 
          "V-70965": "true", 
          "V-70967": "true", 
          "V-70969": "true", 
          "V-70971": "true", 
          "V-70973": "true", 
          "V-70975": "true", 
          "V-70977": "true", 
          "V-70979": "true", 
          "V-70981": "true", 
          "V-70983": "true", 
          "V-70985": "true", 
          "V-70987": "true", 
          "V-70989": "true", 
          "V-70991": "true", 
          "V-70993": "true", 
          "V-70995": "true", 
          "V-70997": "true", 
          "V-70999": "true", 
          "V-71001": "true", 
          "V-71003": "true", 
          "V-71005": "true", 
          "V-71007": "true", 
          "V-71011": "true", 
          "V-71015": "true", 
          "V-71017": "true", 
          "V-71019": "true", 
          "V-71023": "true", 
          "V-71025": "true", 
          "V-71027": "true", 
          "V-71029": "true", 
          "V-71031": "true", 
          "V-71033": "true", 
          "V-71035": "true", 
          "V-71037": "true", 
          "V-71039": "true", 
          "V-71639": "true"
        }, 
        "id": "MAC-1_Public", 
        "title": "I - Mission Critical Public"
      }, 
      "MAC-1_Sensitive": {
        "description": "<ProfileDescription></ProfileDescription>", 
        "findings": {
          "V-70955": "true", 
          "V-70957": "true", 
          "V-70959": "true", 
          "V-70961": "true", 
          "V-70963": "true", 
          "V-70965": "true", 
          "V-70967": "true", 
          "V-70969": "true", 
          "V-70971": "true", 
          "V-70973": "true", 
          "V-70975": "true", 
          "V-70977": "true", 
          "V-70979": "true", 
          "V-70981": "true", 
          "V-70983": "true", 
          "V-70985": "true", 
          "V-70987": "true", 
          "V-70989": "true", 
          "V-70991": "true", 
          "V-70993": "true", 
          "V-70995": "true", 
          "V-70997": "true", 
          "V-70999": "true", 
          "V-71001": "true", 
          "V-71003": "true", 
          "V-71005": "true", 
          "V-71007": "true", 
          "V-71011": "true", 
          "V-71015": "true", 
          "V-71017": "true", 
          "V-71019": "true", 
          "V-71023": "true", 
          "V-71025": "true", 
          "V-71027": "true", 
          "V-71029": "true", 
          "V-71031": "true", 
          "V-71033": "true", 
          "V-71035": "true", 
          "V-71037": "true", 
          "V-71039": "true", 
          "V-71639": "true"
        }, 
        "id": "MAC-1_Sensitive", 
        "title": "I - Mission Critical Sensitive"
      }, 
      "MAC-2_Classified": {
        "description": "<ProfileDescription></ProfileDescription>", 
        "findings": {
          "V-70955": "true", 
          "V-70957": "true", 
          "V-70959": "true", 
          "V-70961": "true", 
          "V-70963": "true", 
          "V-70965": "true", 
          "V-70967": "true", 
          "V-70969": "true", 
          "V-70971": "true", 
          "V-70973": "true", 
          "V-70975": "true", 
          "V-70977": "true", 
          "V-70979": "true", 
          "V-70981": "true", 
          "V-70983": "true", 
          "V-70985": "true", 
          "V-70987": "true", 
          "V-70989": "true", 
          "V-70991": "true", 
          "V-70993": "true", 
          "V-70995": "true", 
          "V-70997": "true", 
          "V-70999": "true", 
          "V-71001": "true", 
          "V-71003": "true", 
          "V-71005": "true", 
          "V-71007": "true", 
          "V-71011": "true", 
          "V-71015": "true", 
          "V-71017": "true", 
          "V-71019": "true", 
          "V-71023": "true", 
          "V-71025": "true", 
          "V-71027": "true", 
          "V-71029": "true", 
          "V-71031": "true", 
          "V-71033": "true", 
          "V-71035": "true", 
          "V-71037": "true", 
          "V-71039": "true", 
          "V-71639": "true"
        }, 
        "id": "MAC-2_Classified", 
        "title": "II - Mission Support Classified"
      }, 
      "MAC-2_Public": {
        "description": "<ProfileDescription></ProfileDescription>", 
        "findings": {
          "V-70955": "true", 
          "V-70957": "true", 
          "V-70959": "true", 
          "V-70961": "true", 
          "V-70963": "true", 
          "V-70965": "true", 
          "V-70967": "true", 
          "V-70969": "true", 
          "V-70971": "true", 
          "V-70973": "true", 
          "V-70975": "true", 
          "V-70977": "true", 
          "V-70979": "true", 
          "V-70981": "true", 
          "V-70983": "true", 
          "V-70985": "true", 
          "V-70987": "true", 
          "V-70989": "true", 
          "V-70991": "true", 
          "V-70993": "true", 
          "V-70995": "true", 
          "V-70997": "true", 
          "V-70999": "true", 
          "V-71001": "true", 
          "V-71003": "true", 
          "V-71005": "true", 
          "V-71007": "true", 
          "V-71011": "true", 
          "V-71015": "true", 
          "V-71017": "true", 
          "V-71019": "true", 
          "V-71023": "true", 
          "V-71025": "true", 
          "V-71027": "true", 
          "V-71029": "true", 
          "V-71031": "true", 
          "V-71033": "true", 
          "V-71035": "true", 
          "V-71037": "true", 
          "V-71039": "true", 
          "V-71639": "true"
        }, 
        "id": "MAC-2_Public", 
        "title": "II - Mission Support Public"
      }, 
      "MAC-2_Sensitive": {
        "description": "<ProfileDescription></ProfileDescription>", 
        "findings": {
          "V-70955": "true", 
          "V-70957": "true", 
          "V-70959": "true", 
          "V-70961": "true", 
          "V-70963": "true", 
          "V-70965": "true", 
          "V-70967": "true", 
          "V-70969": "true", 
          "V-70971": "true", 
          "V-70973": "true", 
          "V-70975": "true", 
          "V-70977": "true", 
          "V-70979": "true", 
          "V-70981": "true", 
          "V-70983": "true", 
          "V-70985": "true", 
          "V-70987": "true", 
          "V-70989": "true", 
          "V-70991": "true", 
          "V-70993": "true", 
          "V-70995": "true", 
          "V-70997": "true", 
          "V-70999": "true", 
          "V-71001": "true", 
          "V-71003": "true", 
          "V-71005": "true", 
          "V-71007": "true", 
          "V-71011": "true", 
          "V-71015": "true", 
          "V-71017": "true", 
          "V-71019": "true", 
          "V-71023": "true", 
          "V-71025": "true", 
          "V-71027": "true", 
          "V-71029": "true", 
          "V-71031": "true", 
          "V-71033": "true", 
          "V-71035": "true", 
          "V-71037": "true", 
          "V-71039": "true", 
          "V-71639": "true"
        }, 
        "id": "MAC-2_Sensitive", 
        "title": "II - Mission Support Sensitive"
      }, 
      "MAC-3_Classified": {
        "description": "<ProfileDescription></ProfileDescription>", 
        "findings": {
          "V-70955": "true", 
          "V-70957": "true", 
          "V-70959": "true", 
          "V-70961": "true", 
          "V-70963": "true", 
          "V-70965": "true", 
          "V-70967": "true", 
          "V-70969": "true", 
          "V-70971": "true", 
          "V-70973": "true", 
          "V-70975": "true", 
          "V-70977": "true", 
          "V-70979": "true", 
          "V-70981": "true", 
          "V-70983": "true", 
          "V-70985": "true", 
          "V-70987": "true", 
          "V-70989": "true", 
          "V-70991": "true", 
          "V-70993": "true", 
          "V-70995": "true", 
          "V-70997": "true", 
          "V-70999": "true", 
          "V-71001": "true", 
          "V-71003": "true", 
          "V-71005": "true", 
          "V-71007": "true", 
          "V-71011": "true", 
          "V-71015": "true", 
          "V-71017": "true", 
          "V-71019": "true", 
          "V-71023": "true", 
          "V-71025": "true", 
          "V-71027": "true", 
          "V-71029": "true", 
          "V-71031": "true", 
          "V-71033": "true", 
          "V-71035": "true", 
          "V-71037": "true", 
          "V-71039": "true", 
          "V-71639": "true"
        }, 
        "id": "MAC-3_Classified", 
        "title": "III - Administrative Classified"
      }, 
      "MAC-3_Public": {
        "description": "<ProfileDescription></ProfileDescription>", 
        "findings": {
          "V-70955": "true", 
          "V-70957": "true", 
          "V-70959": "true", 
          "V-70961": "true", 
          "V-70963": "true", 
          "V-70965": "true", 
          "V-70967": "true", 
          "V-70969": "true", 
          "V-70971": "true", 
          "V-70973": "true", 
          "V-70975": "true", 
          "V-70977": "true", 
          "V-70979": "true", 
          "V-70981": "true", 
          "V-70983": "true", 
          "V-70985": "true", 
          "V-70987": "true", 
          "V-70989": "true", 
          "V-70991": "true", 
          "V-70993": "true", 
          "V-70995": "true", 
          "V-70997": "true", 
          "V-70999": "true", 
          "V-71001": "true", 
          "V-71003": "true", 
          "V-71005": "true", 
          "V-71007": "true", 
          "V-71011": "true", 
          "V-71015": "true", 
          "V-71017": "true", 
          "V-71019": "true", 
          "V-71023": "true", 
          "V-71025": "true", 
          "V-71027": "true", 
          "V-71029": "true", 
          "V-71031": "true", 
          "V-71033": "true", 
          "V-71035": "true", 
          "V-71037": "true", 
          "V-71039": "true", 
          "V-71639": "true"
        }, 
        "id": "MAC-3_Public", 
        "title": "III - Administrative Public"
      }, 
      "MAC-3_Sensitive": {
        "description": "<ProfileDescription></ProfileDescription>", 
        "findings": {
          "V-70955": "true", 
          "V-70957": "true", 
          "V-70959": "true", 
          "V-70961": "true", 
          "V-70963": "true", 
          "V-70965": "true", 
          "V-70967": "true", 
          "V-70969": "true", 
          "V-70971": "true", 
          "V-70973": "true", 
          "V-70975": "true", 
          "V-70977": "true", 
          "V-70979": "true", 
          "V-70981": "true", 
          "V-70983": "true", 
          "V-70985": "true", 
          "V-70987": "true", 
          "V-70989": "true", 
          "V-70991": "true", 
          "V-70993": "true", 
          "V-70995": "true", 
          "V-70997": "true", 
          "V-70999": "true", 
          "V-71001": "true", 
          "V-71003": "true", 
          "V-71005": "true", 
          "V-71007": "true", 
          "V-71011": "true", 
          "V-71015": "true", 
          "V-71017": "true", 
          "V-71019": "true", 
          "V-71023": "true", 
          "V-71025": "true", 
          "V-71027": "true", 
          "V-71029": "true", 
          "V-71031": "true", 
          "V-71033": "true", 
          "V-71035": "true", 
          "V-71037": "true", 
          "V-71039": "true", 
          "V-71639": "true"
        }, 
        "id": "MAC-3_Sensitive", 
        "title": "III - Administrative Sensitive"
      }
    }, 
    "slug": "microsoft_excel_2016", 
    "title": "Microsoft Excel 2016 Security Technical Implementation Guide", 
    "version": "1"
  }
}
