{
  "stig": {
    "date": "2018-04-02", 
    "description": "The Mozilla Firefox Security Technical Implementation Guide (STIG) is published as a tool to improve the security of Department of Defense (DoD) information systems. Comments or proposed revisions to this document should be sent via e-mail to the following address: disa.stig_spt@mail.mil", 
    "findings": {
      "V-15768": {
        "checkid": "C-16611r1_chk", 
        "checktext": "Type \"about:config\" in the browser address bar. Verify  Preference Name \"security.default_personal_cert\" is set to \"Ask Every Time\" and is locked to prevent the user from altering.\n\nCriteria: If the value of \"security.default_personal_cert\" is set incorrectly or is not locked, then this is a finding.\n", 
        "description": "When a web site asks for a certificate for user authentication, Firefox must be configured to have the user choose which certificate to present. Websites within DOD require user authentication for access which increases security for DoD information. Access will be denied to the user if certificate management is not configured.", 
        "fixid": "F-15985r1_fix", 
        "fixtext": "Set the value of \"security.default_personal_cert\" to \"Ask Every Time\".  Use the Mozilla.cfg file to lock the preference so users cannot change it.\n\n", 
        "iacontrols": null, 
        "id": "V-15768", 
        "ruleID": "SV-16707r1_rule", 
        "severity": "medium", 
        "title": "FireFox is configured to ask which certificate to present to a web site when a certificate is required.", 
        "version": "DTBF050"
      }, 
      "V-15770": {
        "checkid": "C-16614r1_chk", 
        "checktext": "Use Method 1 or 2 to check if the following extensions are listed in the browser configuration:  HTA, JSE, JS, MOCHA, SHS, VBE, VBS, SCT, WSC.   By default, most of these extensions will not show up on the Firefox listing. \n\nCriteria: \n\nMethod 1: In about:plugins, Installed plug-in, inspect the entries in the Suffixes column. \n\nIf any of the prohibited extensions are found, then for each of them, verify that it is not associated with an application that executes code. However, applications such as Notepad.exe that do not execute code may be associated with the extension.  If the extension is associated with an unauthorized application, then this is a finding.\n\nIf the extension exists but is not associated with an application, then this is a finding. \n\nMethod 2: \nUse the Options User Interface Applications menu  to search for the prohibited extensions in the Content column of the table.\n\nIf an extension that is not approved for automatic execution exists and the entry in the Action column is associated with an application that does not execute the code (e.g., Notepad), then do not mark this as a finding. \n\nIf the entry exists and the \"Action\" is 'Save File' or 'Always Ask',  then this is not a finding.\n \nIf an extension exists and the entry in the Action column is associated with an application that does/can execute the code, then this is a finding.\n", 
        "description": "The default action for file types for which a plugin is installed is to automatically download and execute the file using the associated plugin. Firefox allows you to change the specified download action so that the file is opened with a selected external application or saved to disk instead. View the list of installed browser plugins and related MIME types by entering about:plugins in the address bar. \n\nWhen you click a link to download a file, the MIME type determines what action Firefox will take. You may already have a plugin installed that will automatically handle the download, such as Windows Media Player or QuickTime. Other times, you may see a dialog asking whether you want to save the file or open it with a specific application. When you tell Firefox to open or save the file and also check the option to \"Do this automatically for files like this from now on\", an entry appears for that type of file in the Firefox Applications panel, shown below.\n", 
        "fixid": "F-15987r1_fix", 
        "fixtext": "Remove any unauthorized extensions from the autodownload list.  ", 
        "iacontrols": null, 
        "id": "V-15770", 
        "ruleID": "SV-16709r1_rule", 
        "severity": "medium", 
        "title": "Firefox automatically executes or downloads MIME types which are not authorized for auto-download.", 
        "version": "DTBF100"
      }, 
      "V-15771": {
        "checkid": "C-16615r2_chk", 
        "checktext": "Procedure: Open a browser window, type \"about:config\" in the address bar. \n\nCriteria: If the value of \"network.protocol-handler.external.shell\" is not \"false\" or is not locked, then this is a finding. ", 
        "description": "Although current versions of Firefox have this set to disabled by default, use of this option can be harmful.  This would allow the browser to access the Windows shell. This could allow access to the\nunderlying system.  This check verifies that the default setting has not been changed.\n", 
        "fixid": "F-15988r3_fix", 
        "fixtext": "Procedure: Set the value of \"network.protocol-handler.external.shell\" to \"false\" and lock using the Mozilla.cfg file.", 
        "iacontrols": null, 
        "id": "V-15771", 
        "ruleID": "SV-16710r3_rule", 
        "severity": "medium", 
        "title": "Network shell protocol is enabled in FireFox.", 
        "version": "DTBF105"
      }, 
      "V-15772": {
        "checkid": "C-16616r2_chk", 
        "checktext": "Open a browser window, type \"about:config\" in the address bar.\n\nCriteria:  If the \u201cplugin.disable_full_page_plugin_for_types\u201d value is not set to include the following external extensions and not locked, then this is a finding:\n\nPDF, FDF, XFDF, LSL, LSO, LSS, IQY, RQY, XLK, XLS, XLT, POT PPS, PPT, DOS, DOT, WKS, BAT, PS, EPS, WCH, WCM, WB1, WB3, RTF, DOC, MDB, MDE, WBK, WB1, WCH, WCM, AD, ADP.", 
        "description": "New file types cannot be added directly to the helper applications or plugins listing. Files with these extensions will not be allowed to use Firefox publicly available plugins and extensions to open.  The application will be configured to open these files using external applications only.  After a helper application or save to disk download action has been set, that action will be taken automatically for those types of files.  When the user receives a dialog box asking if you want to save the file or open it with a specified application, this indicates that a plugin does not exist. The user has not previously selected a download action or helper application to automatically use for that type of file. When prompted, if the user checks the option to Do this automatically for files like this from now on, then an entry will appear for that type of file in the plugins listing and this file type is automatically opened in the future. This can be a security issue.  New file types cannot be added directly to the Application plugin listing. ", 
        "fixid": "F-15989r2_fix", 
        "fixtext": "Ensure the following extensions are not automatically opened  by Firefox without user confirmation.  Do not use plugins and add-ons to open these files.  Use the \"plugin.disable_full_page_plugin_for_types\" preference to set and lock the following extensions so that an external application rather than an add-on or plugin will not be used. (PDF, FDF, XFDF, LSL, LSO, LSS, IQY, RQY, XLK, XLS, XLT, POT PPS, PPT, DOS, DOT, WKS, BAT, PS, EPS, WCH, WCM, WB1, WB3, RTF, DOC, MDB, MDE, WBK, WB1, WCH, WCM, AD, ADP)", 
        "iacontrols": null, 
        "id": "V-15772", 
        "ruleID": "SV-16711r2_rule", 
        "severity": "medium", 
        "title": "Firefox not configured to prompt user before download and opening for required file types.", 
        "version": "DTBF110"
      }, 
      "V-15773": {
        "checkid": "C-16617r1_chk", 
        "checktext": "Open a browser window, type \"about:plugins\" in the address bar.\n\nCriteria: If the Mozilla ActiveX control and plugin support is present and enabled, then this is a finding.\n", 
        "description": "When an ActiveX control is referenced in an HTML document, MS Windows checks to see if\nthe control already resides on the client machine. If not, the control can be downloaded from a\nremote web site. This provides an automated delivery method for mobile code.", 
        "fixid": "F-15990r1_fix", 
        "fixtext": "Remove/uninstall the Mozilla ActiveX plugin ", 
        "iacontrols": null, 
        "id": "V-15773", 
        "ruleID": "SV-16712r1_rule", 
        "severity": "medium", 
        "title": "FireFox plug-in for ActiveX controls is installed.", 
        "version": "DTBF120"
      }, 
      "V-15774": {
        "checkid": "C-16619r1_chk", 
        "checktext": "Type \"about:config\" in the address bar, verify that the preference name \u201cbrowser.formfill.enable\" is set to \u201cfalse\u201d and locked. \n\nCriteria: If the parameter is set incorrectly, then this is a finding.  If the setting is not locked, then this is a finding.\n", 
        "description": "In order to protect privacy and sensitive data, Firefox provides the ability to configure Firefox such that data entered into forms is not saved.  This mitigates the risk of a website gleaning private information from prefilled information.", 
        "fixid": "F-15991r1_fix", 
        "fixtext": "Ensure the preference  \u201cbrowser.formfill.enable\"  is set and locked to the value of \u201cFalse\u201d.", 
        "iacontrols": null, 
        "id": "V-15774", 
        "ruleID": "SV-16713r1_rule", 
        "severity": "medium", 
        "title": "Firefox formfill assistance option is disabled.", 
        "version": "DTBF140"
      }, 
      "V-15775": {
        "checkid": "C-16620r1_chk", 
        "checktext": "In About:Config, verify that the preference name \u201csignon.prefillForms\u201c is set to \u201cfalse\u201d and locked.\n\nCriteria: If the parameter is set incorrectly, then this is a finding.  If the setting is not locked, then this is a finding.\n", 
        "description": "While on the internet, it may be possible for an attacker to view the saved password files and gain access to the user's accounts on various hosts. ", 
        "fixid": "F-15992r1_fix", 
        "fixtext": "Ensure the preference  \" signon.prefillForms \"  is set and locked to the value of \u201cFalse\u201d.", 
        "iacontrols": null, 
        "id": "V-15775", 
        "ruleID": "SV-16714r1_rule", 
        "severity": "medium", 
        "title": "Firefox is configured to autofill passwords.", 
        "version": "DTBF150"
      }, 
      "V-15776": {
        "checkid": "C-16621r2_chk", 
        "checktext": "Type \"about:config\" in the browser window. Verify that the preference name \u201csignon.rememberSignons\" is set and locked to \u201cfalse\u201d.\n\nCriteria: If the parameter is set incorrectly, then this is a finding.\n\nIf the setting is not locked, then this is a finding.", 
        "description": "Firefox can be set to store passwords for sites visited by the user.  These individual passwords are stored in a file and can be protected by a master password. Autofill of the password can then be enabled when the site is visited.  This feature could also be used to autofill the certificate pin which could lead to compromise of DoD information.", 
        "fixid": "F-15993r2_fix", 
        "fixtext": "Ensure the preference \u201csignon.rememberSignons\u201c is set and locked to the value of \u201cfalse\u201d.", 
        "iacontrols": null, 
        "id": "V-15776", 
        "ruleID": "SV-16715r2_rule", 
        "severity": "medium", 
        "title": "FireFox is configured to use a password store with or without a master password.", 
        "version": "DTBF160"
      }, 
      "V-15777": {
        "checkid": "C-16622r3_chk", 
        "checktext": "Type \"about:config\" in the address bar of the browser. Verify that the preference \u201cbrowser.history_expire_days_min\" is set to \u201c40\u201d, and locked.\n\nIf the parameter for the history preference is set incorrectly, this is a finding. \n\nIf the setting is not locked, this is a finding.", 
        "description": "This setting specifies the number of days that Firefox keeps track of the pages viewed in the History List. If you enable this policy setting, a user cannot set the number of days that Firefox keeps track of the pages viewed in the History List. The number of days that Firefox keeps track of the pages viewed in the History List must be specified. If you disable or do not configure this policy setting, a user can set the number of days that Firefox tracks views of pages in the History List.", 
        "fixid": "F-15994r3_fix", 
        "fixtext": "Ensure the preference \"browser.history_expire_days_min\" is set and locked to the value of \u201c40\u201d.", 
        "iacontrols": null, 
        "id": "V-15777", 
        "ruleID": "SV-16716r3_rule", 
        "severity": "medium", 
        "title": "History retention must be set to 40 days.", 
        "version": "DTBF170"
      }, 
      "V-15778": {
        "checkid": "C-16623r1_chk", 
        "checktext": "In About:Config, verify that the preference name \u201cdom.disable_window_open_feature.status \" is set to \u201ctrue\u201d and locked.\n\nCriteria: If the parameter is set incorrectly, then this is a finding.  If the setting is not locked, then this is a finding.\n", 
        "description": "Popup windows may be used to launch an attack within a new browser window with altered settings. This setting blocks popup windows created while the page is loading.", 
        "fixid": "F-15995r1_fix", 
        "fixtext": "Ensure the preference  \"dom.disable_window_open_feature.status \"  is set and locked to the value of \u201ctrue\u201d.", 
        "iacontrols": null, 
        "id": "V-15778", 
        "ruleID": "SV-16717r1_rule", 
        "severity": "medium", 
        "title": "FireFox is not configured to block pop-up windows.", 
        "version": "DTBF180"
      }, 
      "V-15779": {
        "checkid": "C-16624r1_chk", 
        "checktext": "In About:Config, verify that the preference name \u201cdom.disable_window_move_resize\" is set and locked to \u201ctrue\u201d.\n\nCriteria: If the parameter is set incorrectly, then this is a finding.  If the setting is not locked, then this is a finding.\n", 
        "description": "JavaScript can make changes to the browser\u2019s appearance. This activity can help disguise an attack taking place in a minimized background window.  Set browser setting to prevent scripts on visited websites from moving and resizing browser windows.  ", 
        "fixid": "F-15996r1_fix", 
        "fixtext": "Ensure the preference  \"dom.disable_window_move_resize\"  is set and locked to the value of \u201ctrue\u201d.", 
        "iacontrols": null, 
        "id": "V-15779", 
        "ruleID": "SV-16718r1_rule", 
        "severity": "medium", 
        "title": "FireFox is configured to allow JavaScript to move or resize windows.\n", 
        "version": "DTBF181"
      }, 
      "V-15983": {
        "checkid": "C-16610r5_chk", 
        "checktext": "Open a browser window, type \"about:config\" in the address bar.\n\nVerify Preference Name \"security.enable_tls\" is set to the value \"true\" and locked.\nVerify Preference Name \"security.enable_ssl2\" is set to the value \"false\" and locked.\nVerify Preference Name \"security.enable_ssl3\" is set to the value \"false\" and locked.\nVerify Preference Name \"security.tls.version.min\" is set to the value \"2\" and locked.\nVerify Preference Name \"security.tls.version.max\" is set to the value \"3\" and locked.\n\nCriteria: If the parameters are set incorrectly, then this is a finding. \n\nIf the settings are not locked, then this is a finding.", 
        "description": "Use of versions prior to TLS 1.1 are not permitted. SSL 2.0 and SSL 3.0 contain a number of security flaws. These versions must be disabled in compliance with the Network Infrastructure and Secure Remote Computing STIGs.", 
        "fixid": "F-15984r5_fix", 
        "fixtext": "Configure the following parameters using the Mozilla.cfg file:\n\nLockPref \"security.enable_tls\" is set to \"true\".\nLockPref \"security.enable_ssl2\" is set to \"false\".\nLockPref \"security.enable_ssl3\" is set to \"false\".\nLockPref \"security.tls.version.min\" is set to \"2\".\nLockPref \"security.tls.version.max\" is set to \"3\". ", 
        "iacontrols": null, 
        "id": "V-15983", 
        "ruleID": "SV-16925r5_rule", 
        "severity": "medium", 
        "title": "Firefox must be configured to allow only TLS.", 
        "version": "DTBF030"
      }, 
      "V-15985": {
        "checkid": "C-16625r1_chk", 
        "checktext": "In About:Config, verify that the preference name \u201cdom.disable_window_flip\" is set and locked to \u201ctrue\u201d.\n\nCriteria: If the parameter is set incorrectly, then this is a finding.  If the setting is not locked, then this is a finding.", 
        "description": "JavaScript can make changes to the browser\u2019s appearance. Allowing a website to use JavaScript to raise and lower browser windows may disguise an attack. Browser windows may not be set as active via JavaScript.\n", 
        "fixid": "F-15997r1_fix", 
        "fixtext": "Ensure the preference  \"dom.disable_window_flip\"  is set and locked to the value of \u201ctrue\u201d.", 
        "iacontrols": null, 
        "id": "V-15985", 
        "ruleID": "SV-16927r1_rule", 
        "severity": "medium", 
        "title": "Firefox is configured to allow JavaScript to raise or lower windows.", 
        "version": "DTBF182"
      }, 
      "V-15986": {
        "checkid": "C-16626r4_chk", 
        "checktext": "Type \"about:config\" in the address bar of the browser.\n\nVerify that the preferences \"dom.event.contextmenu.enabled\" is set and locked to \"false\".\n\nCriteria: If the parameter is set incorrectly, then this is a finding.\n\nIf the setting is not locked, this is a finding.", 
        "description": "A context menu (also known as a pop-up menu) is often used in a graphical user interface (GUI) and appears upon user interaction (e.g., a right mouse click). A context menu offers a limited set of choices that are available in the current state, or context, of the operating system or application.  A website may execute JavaScript that can make changes to these context menus.  This can help disguise an attack.  Set this preference to \"false\" so that webpages will not be able to affect the context menu event.", 
        "fixid": "F-15998r4_fix", 
        "fixtext": "Ensure the preferences \"dom.event.contextmenu.enabled\" is set and locked to \"false\".", 
        "iacontrols": null, 
        "id": "V-15986", 
        "ruleID": "SV-16928r2_rule", 
        "severity": "medium", 
        "title": "Firefox is configured to allow JavaScript to disable or replace context menus.", 
        "version": "DTBF183"
      }, 
      "V-15987": {
        "checkid": "C-16627r1_chk", 
        "checktext": "Type \"about:config\" in the address bar of the browser. Verify that the preference \u201cdom.disable_window_status_change\" is set and locked to \u201ctrue\u201d. \n\nCriteria: If the parameter is set incorrectly, then this is a finding.  If the setting is not locked, then this is a finding.", 
        "description": "When a user visits some webpages, JavaScript can hide or make changes to the browser\u2019s appearance to hide unauthorized activity. This activity can help disguise an attack taking place in a minimized background window.  Determines whether the text in the browser status bar may be set by JavaScript.  Set and lock to True (default in Firefox) so that JavaScript access to preference settings for is disabled.", 
        "fixid": "F-15999r1_fix", 
        "fixtext": "Ensure the preference  \"dom.disable_window_status_change\"  is set and locked to the value of \u201ctrue\u201d.", 
        "iacontrols": null, 
        "id": "V-15987", 
        "ruleID": "SV-16929r1_rule", 
        "severity": "medium", 
        "title": "Firefox is configured to allow JavaScript to hide or change the status bar.", 
        "version": "DTBF184"
      }, 
      "V-15988": {
        "checkid": "C-16628r1_chk", 
        "checktext": "In About:Config, verify that the preference \u201cdom.disable_window_open_feature.status\" is set and locked to \u201ctrue\u201d.\n\nCriteria: If the parameter is set incorrectly, then this is a finding.  If the setting is not locked, then this is a finding.\n", 
        "description": "JavaScript can make changes to the browser\u2019s appearance. This activity can help disguise an attack taking place in a minimized background window.  Webpage authors can disable many features of a popup window that they open. Setting these preferences to true will override the author's settings and ensure that the feature is enabled and present in any popup window.  This setting prevents the status bar from being hidden.", 
        "fixid": "F-16000r1_fix", 
        "fixtext": "Ensure the preference  \"dom.disable_window_open_feature.status\"  is set and locked to the value of \u201ctrue\u201d.", 
        "iacontrols": null, 
        "id": "V-15988", 
        "ruleID": "SV-16930r1_rule", 
        "severity": "medium", 
        "title": "Firefox is configured to allow JavaScript to change the status bar text.", 
        "version": "DTBF185"
      }, 
      "V-15989": {
        "checkid": "C-16629r1_chk", 
        "checktext": "Type \"about:config\" in the browser window. Verify that the preference name \u201csecurity.warn_leaving_secure\" is set to \u201ctrue\u201d and locked.\n\nCriteria:  If the parameter is set incorrectly, then this is a finding.  If the setting is not locked, then this is a finding.\n", 
        "description": "Users may not be aware that the information being viewed under secure conditions in a previous page are not currently being viewed under the same security settings. ", 
        "fixid": "F-16003r1_fix", 
        "fixtext": "Ensure the preference  \u201csecurity.warn_leaving_secure\" is set to \u201ctrue\u201d and locked on this setting.", 
        "iacontrols": null, 
        "id": "V-15989", 
        "ruleID": "SV-16931r1_rule", 
        "severity": "medium", 
        "title": "Firefox is not configured to provide warnings when a user switches from a secure (SSL-enabled) to a non-secure page.", 
        "version": "DTBF130"
      }, 
      "V-17988": {
        "checkid": "C-20617r3_chk", 
        "checktext": "Method 1: View the following registry key: \nHKLM\\Software\\Mozilla\\Mozilla Firefox\\CurrentVersion\n\nMethod 2: Search for the firefox.exe file using the search feature of the operating system. Examine the files properties for the product version (not the file version. For Windows OS, determine the version of the file by examining navigating to Properties/Version/Product Version. Examine for all instances of firefox.exe that are present on the endpoint.\n\nCriteria: If the version number of the firefox.exe file is less than 50.1.x (or ESR 45.7.x), this is a finding.", 
        "description": "Use of versions of an application which are not supported by the vendor are not permitted. Vendors respond to security flaws with updates and patches. These updates are not available for unsupported version which can leave the application vulnerable to attack.", 
        "fixid": "F-18550r2_fix", 
        "fixtext": "Upgrade the version of the browser to an approved version by obtaining software from the vendor or other trusted source.", 
        "iacontrols": null, 
        "id": "V-17988", 
        "ruleID": "SV-19509r2_rule", 
        "severity": "high", 
        "title": "Installed version of Firefox unsupported.", 
        "version": "DTBF003"
      }, 
      "V-19741": {
        "checkid": "C-24187r2_chk", 
        "checktext": "Type \"about:config\" in the browser window. Verify that \n\n1. The preference name \"app.update.enabled\" is set to 'false' and locked or \n\n2. If set to \"true\" then verify that \"app.update.url\", \"app.update.url.details\" and \"app.update.url.manual\" contain url information that point to a trusted server and is not the default setting.  (Default would contain mozilla.com or Mozilla.org).  \n\n\nCriteria: If the parameter is set incorrectly, then this is a finding.  If this setting is not locked, then this is a finding.\n", 
        "description": "Allowing software updates from non-trusted sites can introduce settings that will override a secured installation of the application. This can place DoD information at risk. If this setting is enabled, then there are many other default settings which point to untrusted sites which must be changed to point to an authorized update site that is not publicly accessible.", 
        "fixid": "F-20414r3_fix", 
        "fixtext": "Ensure the preference  \"app.update.enable\"  is set and locked to the value of \u201cFalse\u201d or that a trusted server is used. ", 
        "iacontrols": null, 
        "id": "V-19741", 
        "ruleID": "SV-21887r2_rule", 
        "severity": "medium", 
        "title": "Firefox application is set to auto-update.", 
        "version": "DTBF080"
      }, 
      "V-19742": {
        "checkid": "C-24188r1_chk", 
        "checktext": "Type \"about:config\" in the browser window. Verify the preference \u201cextensions.update.enabled\u201d is set to \"false\" and locked. \n\nCriteria: If the parameter is set incorrectly, then this is a finding. If this setting is not locked, then this is a finding. \n", 
        "description": "Set this to false to disable checking for updated versions of the Extensions/Themes.  Automatic updates from untrusted sites puts the enclave at risk of attack and may override security settings.", 
        "fixid": "F-20415r2_fix", 
        "fixtext": "Set the preference \u201cextensions.update.enabled\u201d value to \"false\" and lock using the Mozilla.cfg file.\n", 
        "iacontrols": null, 
        "id": "V-19742", 
        "ruleID": "SV-59603r1_rule", 
        "severity": "medium", 
        "title": "Firefox automatically updates installed add-ons and plugins.", 
        "version": "DTBF090"
      }, 
      "V-19743": {
        "checkid": "C-24189r10_chk", 
        "checktext": "Verify that required settings are marked as locked in \"about:config\". Verify that \"mozilla.cfg\" file is used to lock required security settings. If settings are enable, and not locked, this is a finding.\n\nSample file:\n//\nlockPref(\"browser.download.dir\", \"N:\");\nlockPref(\"browser.download.downloadDir\", \"N:\");\nlockPref(\"app.update.enabled\", false);\nlockPref(\"extensions.update.enabled\", false);\nlockPref(\"browser.shell.checkDefaultBrowser\", false);\nlockPref(\"browser.search.update\", false);\nlockPref(\"browser.formfill.enable\", false); \nlockPref(\"signon.prefillForms\", false);\nlockPref(\"dom.disable_open_during_load\", true);\nlockPref(\"dom.disable_window_move_resize\", true); \nlockPref(\"dom.event.contextmenu.enabled\", false);\nlockPref(\"dom.disable_window_status_change\", true); \nlockPref(\"dom.disable_window_flip\", true);\nlockPref(\"dom.disable_window_open_feature.status\", true); \nlockPref(\"security.warn_leaving_secure\", true); \nlockPref(\"security.default_personal_cert\", \"Ask Every Time\"); \nlockPref(\"signon.rememberSignons\", false);\nlockPref(\"xpinstall.whitelist.required\", true);\nlockPref(\u201cnetwork.protocol-handler.external.shell\u201d,false); \nlockPref(\"security.tls.version.min\" ,\"2\"); \nlockPref(\u201csecurity.tls.version.max\", \"3\");\nlockPref(\"plugin.disable_full_page_plugin_for_types\", \"application/pdf,application/doc,application/xls,application/bat,application/ppt,application/mdb,application/mde,application/fdf,application/xfdf,application/lsl,application/lso,application/lss,application/iqy,application/rqy,application/xlk,application/pot,application/pps,application/dot,application/wbk,application/ps,application/eps,application/wch,application/wcm,application/wbi,application/wb1,application/wb3,application/rtf,application/wch,application/wcm,application/ad,application/adp,application/xlt, application/dos, application/wks\");\nlockPref(\"privacy.item.history\", false)\n\nNote: Append line into local-settings.js file to include in the Mozilla config file.", 
        "description": "Locked settings prevent users from accessing about:config and changing the security settings set by the system administrator.  Locked settings should be placed in the mozilla.cfg file. The mozilla.cfg file is an encoded file of JavaScript commands. The encoding is a simple \"byte-shifting\" with an offset of 13 (Netscape 4 used a similar encoding, but with a 7 instead). This file also needs to be \"called\" from the configuration file local-settings.js", 
        "fixid": "F-22495r7_fix", 
        "fixtext": "Ensure the required settings in \"about:config\" are locked using the \"mozilla.cfg\" file.", 
        "iacontrols": null, 
        "id": "V-19743", 
        "ruleID": "SV-21889r8_rule", 
        "severity": "medium", 
        "title": "Firefox required security preferences cannot be changed by user.", 
        "version": "DTBF070"
      }, 
      "V-19744": {
        "checkid": "C-24190r1_chk", 
        "checktext": "Type \"about:config\" in the browser window. Verify the preference \"browser.search.update\u201d  is set to \"false\" and locked. \n\nCriteria: If the parameter is set incorrectly, then this is a finding. If the setting is not locked, then this is a finding. \n", 
        "description": "Updates need to be controlled and installed from authorized and trusted servers.  This setting overrides a number of other settings which may direct the application to access external URLs.", 
        "fixid": "F-20416r2_fix", 
        "fixtext": "Ensure the preference  \"browser.search.update\"  is set and locked to the value of \u201cFalse\u201d.", 
        "iacontrols": [
          "ECSC-1"
        ], 
        "id": "V-19744", 
        "ruleID": "SV-21890r1_rule", 
        "severity": "medium", 
        "title": "Firefox automatically checks for updated version of installed Search plugins.", 
        "version": "DTBF085"
      }, 
      "V-6318": {
        "checkid": "C-16602r5_chk", 
        "checktext": "Navigate to Tools >> Options >> Advanced >> Certificates tab >> View Certificates button. On the Certificate Manager window, select the \"Authorities\" tab. Scroll through the Certificate Name list to the U.S. Government heading. Look for the entry for the DoD Root CA 2.\n\nIf there is an entry for the DoD Root CA 2, select the entry and then the \"View\" button, and ensure the publishing organization is \"US Government.\"\n\nIf there is no entry for the DoD Root CA 2, this is a finding.\n\nNOTE: In a Windows environment, use of policy setting \"security.enterprise_roots.enabled=true\" will point Firefox to the Windows CA and is allowed.", 
        "description": "The DOD root certificate will ensure that the trust chain is established for server certificate issued from the DOD CA.", 
        "fixid": "F-5841r2_fix", 
        "fixtext": "Install the DOD CA 2 root certificate.", 
        "iacontrols": null, 
        "id": "V-6318", 
        "ruleID": "SV-33373r4_rule", 
        "severity": "medium", 
        "title": "The DOD Root Certificate is not installed.", 
        "version": "DTBG010"
      }, 
      "V-64891": {
        "checkid": "C-65575r1_chk", 
        "checktext": "Open a browser window, type \"about:config\" in the address bar, then navigate to the setting for Preference Name \"xpinstall.enabled\" and set the value to \u201cfalse\u201d and locked.\n\nCriteria: If the value of \u201cxpinstall.enabled\u201d is \u201cfalse\u201d, this is not a finding.\n\nIf the value is locked, this is not a finding.\n", 
        "description": "A browser extension is a program that has been installed into the browser which adds functionality to it. Where a plug-in interacts only with a web page and usually a third party external application (Flash, Adobe Reader) an extension interacts with the browser program itself. Extensions are not embedded in web pages and must be downloaded and installed in order to work. Extensions allow browsers to avoid restrictions which apply to web pages. For example, a Chrome extension can be written to combine data from multiple domains and present it when a certain page is accessed which can be considered Cross Site Scripting. If a browser is configured to allow unrestricted use of extension then plug-ins can be loaded and installed from malicious sources and used on the browser. ", 
        "fixid": "F-70831r2_fix", 
        "fixtext": "Set the preference \u201cxpinstall.enabled\u201d to \u201cfalse\u201d and lock using the \u201cmozilla.cfg\u201d file.  The \u201cmozilla.cfg\u201d file may need to be created if it does not already exist.", 
        "iacontrols": null, 
        "id": "V-64891", 
        "ruleID": "SV-79381r2_rule", 
        "severity": "medium", 
        "title": "Extensions install must be disabled.", 
        "version": "DTBF186"
      }, 
      "V-79053": {
        "checkid": "C-78641r1_chk", 
        "checktext": "Type \"about:config\" in the address bar of the browser.\n\nVerify that the preferences \"datareporting.policy.dataSubmissionEnabled\" is set and locked to \"false\".\n\nCriteria: If the parameter is set incorrectly, this is a finding.\n\nIf the setting is not locked, this is a finding.", 
        "description": "There should be no background submission of technical and other information from DoD computers to Mozilla with portions posted publically.", 
        "fixid": "F-85803r1_fix", 
        "fixtext": "Ensure the preferences \"datareporting.policy.dataSubmissionEnabled\" is set and locked to \"false\".", 
        "iacontrols": null, 
        "id": "V-79053", 
        "ruleID": "SV-93759r1_rule", 
        "severity": "medium", 
        "title": "Background submission of information to Mozilla must be disabled.", 
        "version": "DTBF190"
      }
    }, 
    "profiles": {
      "MAC-1_Classified": {
        "description": "<ProfileDescription></ProfileDescription>", 
        "findings": {
          "V-15768": "true", 
          "V-15770": "true", 
          "V-15771": "true", 
          "V-15772": "true", 
          "V-15773": "true", 
          "V-15774": "true", 
          "V-15775": "true", 
          "V-15776": "true", 
          "V-15777": "true", 
          "V-15778": "true", 
          "V-15779": "true", 
          "V-15983": "true", 
          "V-15985": "true", 
          "V-15986": "true", 
          "V-15987": "true", 
          "V-15988": "true", 
          "V-15989": "true", 
          "V-17988": "true", 
          "V-19741": "true", 
          "V-19742": "true", 
          "V-19743": "true", 
          "V-19744": "true", 
          "V-6318": "true", 
          "V-64891": "true", 
          "V-79053": "true"
        }, 
        "id": "MAC-1_Classified", 
        "title": "I - Mission Critical Classified"
      }, 
      "MAC-1_Public": {
        "description": "<ProfileDescription></ProfileDescription>", 
        "findings": {
          "V-15768": "true", 
          "V-15770": "true", 
          "V-15771": "true", 
          "V-15772": "true", 
          "V-15773": "true", 
          "V-15774": "true", 
          "V-15775": "true", 
          "V-15776": "true", 
          "V-15777": "true", 
          "V-15778": "true", 
          "V-15779": "true", 
          "V-15983": "true", 
          "V-15985": "true", 
          "V-15986": "true", 
          "V-15987": "true", 
          "V-15988": "true", 
          "V-15989": "true", 
          "V-17988": "true", 
          "V-19741": "true", 
          "V-19742": "true", 
          "V-19743": "true", 
          "V-19744": "true", 
          "V-6318": "true", 
          "V-64891": "true", 
          "V-79053": "true"
        }, 
        "id": "MAC-1_Public", 
        "title": "I - Mission Critical Public"
      }, 
      "MAC-1_Sensitive": {
        "description": "<ProfileDescription></ProfileDescription>", 
        "findings": {
          "V-15768": "true", 
          "V-15770": "true", 
          "V-15771": "true", 
          "V-15772": "true", 
          "V-15773": "true", 
          "V-15774": "true", 
          "V-15775": "true", 
          "V-15776": "true", 
          "V-15777": "true", 
          "V-15778": "true", 
          "V-15779": "true", 
          "V-15983": "true", 
          "V-15985": "true", 
          "V-15986": "true", 
          "V-15987": "true", 
          "V-15988": "true", 
          "V-15989": "true", 
          "V-17988": "true", 
          "V-19741": "true", 
          "V-19742": "true", 
          "V-19743": "true", 
          "V-19744": "true", 
          "V-6318": "true", 
          "V-64891": "true", 
          "V-79053": "true"
        }, 
        "id": "MAC-1_Sensitive", 
        "title": "I - Mission Critical Sensitive"
      }, 
      "MAC-2_Classified": {
        "description": "<ProfileDescription></ProfileDescription>", 
        "findings": {
          "V-15768": "true", 
          "V-15770": "true", 
          "V-15771": "true", 
          "V-15772": "true", 
          "V-15773": "true", 
          "V-15774": "true", 
          "V-15775": "true", 
          "V-15776": "true", 
          "V-15777": "true", 
          "V-15778": "true", 
          "V-15779": "true", 
          "V-15983": "true", 
          "V-15985": "true", 
          "V-15986": "true", 
          "V-15987": "true", 
          "V-15988": "true", 
          "V-15989": "true", 
          "V-17988": "true", 
          "V-19741": "true", 
          "V-19742": "true", 
          "V-19743": "true", 
          "V-19744": "true", 
          "V-6318": "true", 
          "V-64891": "true", 
          "V-79053": "true"
        }, 
        "id": "MAC-2_Classified", 
        "title": "II - Mission Support Classified"
      }, 
      "MAC-2_Public": {
        "description": "<ProfileDescription></ProfileDescription>", 
        "findings": {
          "V-15768": "true", 
          "V-15770": "true", 
          "V-15771": "true", 
          "V-15772": "true", 
          "V-15773": "true", 
          "V-15774": "true", 
          "V-15775": "true", 
          "V-15776": "true", 
          "V-15777": "true", 
          "V-15778": "true", 
          "V-15779": "true", 
          "V-15983": "true", 
          "V-15985": "true", 
          "V-15986": "true", 
          "V-15987": "true", 
          "V-15988": "true", 
          "V-15989": "true", 
          "V-17988": "true", 
          "V-19741": "true", 
          "V-19742": "true", 
          "V-19743": "true", 
          "V-19744": "true", 
          "V-6318": "true", 
          "V-64891": "true", 
          "V-79053": "true"
        }, 
        "id": "MAC-2_Public", 
        "title": "II - Mission Support Public"
      }, 
      "MAC-2_Sensitive": {
        "description": "<ProfileDescription></ProfileDescription>", 
        "findings": {
          "V-15768": "true", 
          "V-15770": "true", 
          "V-15771": "true", 
          "V-15772": "true", 
          "V-15773": "true", 
          "V-15774": "true", 
          "V-15775": "true", 
          "V-15776": "true", 
          "V-15777": "true", 
          "V-15778": "true", 
          "V-15779": "true", 
          "V-15983": "true", 
          "V-15985": "true", 
          "V-15986": "true", 
          "V-15987": "true", 
          "V-15988": "true", 
          "V-15989": "true", 
          "V-17988": "true", 
          "V-19741": "true", 
          "V-19742": "true", 
          "V-19743": "true", 
          "V-19744": "true", 
          "V-6318": "true", 
          "V-64891": "true", 
          "V-79053": "true"
        }, 
        "id": "MAC-2_Sensitive", 
        "title": "II - Mission Support Sensitive"
      }, 
      "MAC-3_Classified": {
        "description": "<ProfileDescription></ProfileDescription>", 
        "findings": {
          "V-15768": "true", 
          "V-15770": "true", 
          "V-15771": "true", 
          "V-15772": "true", 
          "V-15773": "true", 
          "V-15774": "true", 
          "V-15775": "true", 
          "V-15776": "true", 
          "V-15777": "true", 
          "V-15778": "true", 
          "V-15779": "true", 
          "V-15983": "true", 
          "V-15985": "true", 
          "V-15986": "true", 
          "V-15987": "true", 
          "V-15988": "true", 
          "V-15989": "true", 
          "V-17988": "true", 
          "V-19741": "true", 
          "V-19742": "true", 
          "V-19743": "true", 
          "V-19744": "true", 
          "V-6318": "true", 
          "V-64891": "true", 
          "V-79053": "true"
        }, 
        "id": "MAC-3_Classified", 
        "title": "III - Administrative Classified"
      }, 
      "MAC-3_Public": {
        "description": "<ProfileDescription></ProfileDescription>", 
        "findings": {
          "V-15768": "true", 
          "V-15770": "true", 
          "V-15771": "true", 
          "V-15772": "true", 
          "V-15773": "true", 
          "V-15774": "true", 
          "V-15775": "true", 
          "V-15776": "true", 
          "V-15777": "true", 
          "V-15778": "true", 
          "V-15779": "true", 
          "V-15983": "true", 
          "V-15985": "true", 
          "V-15986": "true", 
          "V-15987": "true", 
          "V-15988": "true", 
          "V-15989": "true", 
          "V-17988": "true", 
          "V-19741": "true", 
          "V-19742": "true", 
          "V-19743": "true", 
          "V-19744": "true", 
          "V-6318": "true", 
          "V-64891": "true", 
          "V-79053": "true"
        }, 
        "id": "MAC-3_Public", 
        "title": "III - Administrative Public"
      }, 
      "MAC-3_Sensitive": {
        "description": "<ProfileDescription></ProfileDescription>", 
        "findings": {
          "V-15768": "true", 
          "V-15770": "true", 
          "V-15771": "true", 
          "V-15772": "true", 
          "V-15773": "true", 
          "V-15774": "true", 
          "V-15775": "true", 
          "V-15776": "true", 
          "V-15777": "true", 
          "V-15778": "true", 
          "V-15779": "true", 
          "V-15983": "true", 
          "V-15985": "true", 
          "V-15986": "true", 
          "V-15987": "true", 
          "V-15988": "true", 
          "V-15989": "true", 
          "V-17988": "true", 
          "V-19741": "true", 
          "V-19742": "true", 
          "V-19743": "true", 
          "V-19744": "true", 
          "V-6318": "true", 
          "V-64891": "true", 
          "V-79053": "true"
        }, 
        "id": "MAC-3_Sensitive", 
        "title": "III - Administrative Sensitive"
      }
    }, 
    "slug": "mozilla_firefox", 
    "title": "Mozilla Firefox", 
    "version": "4"
  }
}
